Player ID,First Name,Last Name,Team ID,Team Abbreviation,Headshot,Sweater Number,Position,Goals,Assists,Points,Games Played,Plus/Minus
8479414,Nathan,Bastian,1,NJD,https://assets.nhle.com/mugs/nhl/20242025/NJD/8479414.png,14,R,31,32,63,229,-14
8479407,Jesper,Bratt,1,NJD,https://assets.nhle.com/mugs/nhl/20242025/NJD/8479407.png,63,L,141,253,394,499,-13
8481032,Paul,Cotter,1,NJD,https://assets.nhle.com/mugs/nhl/20242025/NJD/8481032.png,47,C,29,28,57,166,-17
8475413,Justin,Dowling,1,NJD,https://assets.nhle.com/mugs/nhl/20242025/NJD/8475413.png,37,C,9,13,22,116,-18
8475287,Erik,Haula,1,NJD,https://assets.nhle.com/mugs/nhl/20242025/NJD/8475287.png,56,L,147,180,327,718,51
8480002,Nico,Hischier,1,NJD,https://assets.nhle.com/mugs/nhl/20242025/NJD/8480002.png,13,C,151,229,380,480,22
8481559,Jack,Hughes,1,NJD,https://assets.nhle.com/mugs/nhl/20242025/NJD/8481559.png,86,C,125,189,314,334,-39
8477508,Curtis,Lazar,1,NJD,https://assets.nhle.com/mugs/nhl/20242025/NJD/8477508.png,42,C,46,76,122,536,-25
8481594,Nathan,Legare,1,NJD,https://assets.nhle.com/mugs/nhl/20242025/NJD/8481594.png,16,R,0,0,0,1,0
8477073,Kurtis,MacDermid,1,NJD,https://assets.nhle.com/mugs/nhl/20242025/NJD/8477073.png,23,L,11,20,31,277,-27
8478414,Timo,Meier,1,NJD,https://assets.nhle.com/mugs/nhl/20242025/NJD/8478414.png,28,R,199,202,401,568,-57
8482110,Dawson,Mercer,1,NJD,https://assets.nhle.com/mugs/nhl/20242025/NJD/8482110.png,91,C,70,75,145,274,-21
8476474,Stefan,Noesen,1,NJD,https://assets.nhle.com/mugs/nhl/20242025/NJD/8476474.png,11,R,71,78,149,394,21
8476292,Ondrej,Palat,1,NJD,https://assets.nhle.com/mugs/nhl/20242025/NJD/8476292.png,18,L,165,320,485,775,141
8475193,Tomas,Tatar,1,NJD,https://assets.nhle.com/mugs/nhl/20242025/NJD/8475193.png,90,L,223,265,488,879,49
8480084,Nick,DeSimone,1,NJD,https://assets.nhle.com/mugs/nhl/20242025/NJD/8480084.png,57,D,2,5,7,38,-1
8475455,Brenden,Dillon,1,NJD,https://assets.nhle.com/mugs/nhl/20242025/NJD/8475455.png,5,D,38,164,202,920,71
8476462,Dougie,Hamilton,1,NJD,https://assets.nhle.com/mugs/nhl/20242025/NJD/8476462.png,7,D,147,335,482,799,68
8481701,Santeri,Hatakka,1,NJD,https://assets.nhle.com/mugs/nhl/20242025/NJD/8481701.png,82,D,0,4,4,21,0
8482684,Luke,Hughes,1,NJD,https://assets.nhle.com/mugs/nhl/20242025/NJD/8482684.png,43,D,10,47,57,103,-25
8480192,Johnathan,Kovacevic,1,NJD,https://assets.nhle.com/mugs/nhl/20242025/NJD/8480192.png,8,D,10,28,38,171,29
8477488,Brett,Pesce,1,NJD,https://assets.nhle.com/mugs/nhl/20242025/NJD/8477488.png,22,D,39,160,199,646,90
8478399,Jonas,Siegenthaler,1,NJD,https://assets.nhle.com/mugs/nhl/20242025/NJD/8478399.png,71,D,9,55,64,340,28
8474596,Jake,Allen,1,NJD,https://assets.nhle.com/mugs/nhl/20242025/NJD/8474596.png,34,G,0,6,0,438,0
8474593,Jacob,Markstrom,1,NJD,https://assets.nhle.com/mugs/nhl/20242025/NJD/8474593.png,25,G,0,19,0,504,0
8478445,Mathew,Barzal,2,NYI,https://assets.nhle.com/mugs/nhl/20242025/NYI/8478445.png,13,C,130,317,447,510,-3
8475231,Casey,Cizikas,2,NYI,https://assets.nhle.com/mugs/nhl/20242025/NYI/8475231.png,53,C,108,139,247,841,10
8477407,Anthony,Duclair,2,NYI,https://assets.nhle.com/mugs/nhl/20242025/NYI/8477407.png,11,L,148,158,306,568,39
8478115,Pierre,Engvall,2,NYI,https://assets.nhle.com/mugs/nhl/20242025/NYI/8478115.png,18,L,60,65,125,334,29
8477392,Hudson,Fasching,2,NYI,https://assets.nhle.com/mugs/nhl/20242025/NYI/8477392.png,20,R,15,21,36,140,-4
8481601,Simon,Holmstrom,2,NYI,https://assets.nhle.com/mugs/nhl/20242025/NYI/8481601.png,10,R,28,20,48,151,-4
8477500,Bo,Horvat,2,NYI,https://assets.nhle.com/mugs/nhl/20242025/NYI/8477500.png,14,C,246,275,521,758,-67
8475314,Anders,Lee,2,NYI,https://assets.nhle.com/mugs/nhl/20242025/NYI/8475314.png,27,L,271,202,473,785,23
8481237,Kyle,MacLean,2,NYI,https://assets.nhle.com/mugs/nhl/20242025/NYI/8481237.png,32,C,5,7,12,58,-2
8474709,Matt,Martin,2,NYI,https://assets.nhle.com/mugs/nhl/20242025/NYI/8474709.png,17,L,81,96,177,970,-37
8475754,Brock,Nelson,2,NYI,https://assets.nhle.com/mugs/nhl/20242025/NYI/8475754.png,29,C,285,263,548,866,8
8476419,Jean-Gabriel,Pageau,2,NYI,https://assets.nhle.com/mugs/nhl/20242025/NYI/8476419.png,44,C,150,184,334,742,8
8475151,Kyle,Palmieri,2,NYI,https://assets.nhle.com/mugs/nhl/20242025/NYI/8475151.png,21,C,256,243,499,844,-6
8484958,Maxim,Tsyplakov,2,NYI,https://assets.nhle.com/mugs/nhl/20242025/NYI/8484958.png,7,R,3,10,13,26,3
8480789,Oliver,Wahlstrom,2,NYI,https://assets.nhle.com/mugs/nhl/20242025/NYI/8480789.png,26,R,35,35,70,215,-12
8479395,Dennis,Cholowski,2,NYI,https://assets.nhle.com/mugs/nhl/20242025/NYI/8479395.png,25,D,12,24,36,134,-46
8480865,Noah,Dobson,2,NYI,https://assets.nhle.com/mugs/nhl/20242025/NYI/8480865.png,8,D,41,161,202,343,4
8483448,Isaiah,George,2,NYI,https://assets.nhle.com/mugs/nhl/20242025/NYI/8483448.png,36,D,0,3,3,14,-3
8480306,Grant,Hutton,2,NYI,https://assets.nhle.com/mugs/nhl/20242025/NYI/8480306.png,34,D,1,2,3,28,2
8476429,Scott,Mayfield,2,NYI,https://assets.nhle.com/mugs/nhl/20242025/NYI/8476429.png,24,D,26,95,121,495,19
8476917,Adam,Pelech,2,NYI,https://assets.nhle.com/mugs/nhl/20242025/NYI/8476917.png,3,D,26,118,144,511,72
8477506,Ryan,Pulock,2,NYI,https://assets.nhle.com/mugs/nhl/20242025/NYI/8477506.png,6,D,48,151,199,512,57
8476422,Mike,Reilly,2,NYI,https://assets.nhle.com/mugs/nhl/20242025/NYI/8476422.png,2,D,18,104,122,411,-10
8481014,Alexander,Romanov,2,NYI,https://assets.nhle.com/mugs/nhl/20242025/NYI/8481014.png,28,D,13,52,65,305,29
8478009,Ilya,Sorokin,2,NYI,https://assets.nhle.com/mugs/nhl/20242025/NYI/8478009.png,30,G,0,3,0,208,0
8473575,Semyon,Varlamov,2,NYI,https://assets.nhle.com/mugs/nhl/20242025/NYI/8473575.png,40,G,0,8,0,621,0
8482132,Brett,Berard,3,NYR,https://assets.nhle.com/mugs/nhl/20242025/NYR/8482132.png,65,L,1,1,2,4,-1
8477380,Jonny,Brodzinski,3,NYR,https://assets.nhle.com/mugs/nhl/20242025/NYR/8477380.png,22,C,17,23,40,172,11
8475842,Sam,Carrick,3,NYR,https://assets.nhle.com/mugs/nhl/20242025/NYR/8475842.png,39,C,29,28,57,264,-38
8480078,Filip,Chytil,3,NYR,https://assets.nhle.com/mugs/nhl/20242025/NYR/8480078.png,72,C,68,85,153,354,-2
8482157,Will,Cuylle,3,NYR,https://assets.nhle.com/mugs/nhl/20242025/NYR/8482157.png,50,L,22,19,41,109,5
8481726,Adam,Edstrom,3,NYR,https://assets.nhle.com/mugs/nhl/20242025/NYR/8481726.png,84,C,4,1,5,35,1
8481554,Kaapo,Kakko,3,NYR,https://assets.nhle.com/mugs/nhl/20242025/NYR/8481554.png,24,R,61,69,130,324,14
8475184,Chris,Kreider,3,NYR,https://assets.nhle.com/mugs/nhl/20242025/NYR/8475184.png,20,L,314,248,562,836,124
8482109,Alexis,Lafrenière,3,NYR,https://assets.nhle.com/mugs/nhl/20242025/NYR/8482109.png,13,L,83,82,165,322,-4
8478550,Artemi,Panarin,3,NYR,https://assets.nhle.com/mugs/nhl/20242025/NYR/8478550.png,10,L,278,532,810,696,153
8475191,Reilly,Smith,3,NYR,https://assets.nhle.com/mugs/nhl/20242025/NYR/8475191.png,91,R,216,309,525,863,128
8476389,Vincent,Trocheck,3,NYR,https://assets.nhle.com/mugs/nhl/20242025/NYR/8476389.png,16,C,203,328,531,743,7
8476918,Jimmy,Vesey,3,NYR,https://assets.nhle.com/mugs/nhl/20242025/NYR/8476918.png,26,L,98,91,189,596,-54
8476459,Mika,Zibanejad,3,NYR,https://assets.nhle.com/mugs/nhl/20242025/NYR/8476459.png,93,C,299,397,696,872,30
8479323,Adam,Fox,3,NYR,https://assets.nhle.com/mugs/nhl/20242025/NYR/8479323.png,23,D,53,275,328,381,112
8481708,Zac,Jones,3,NYR,https://assets.nhle.com/mugs/nhl/20242025/NYR/8481708.png,6,D,4,21,25,87,-3
8479324,Ryan,Lindgren,3,NYR,https://assets.nhle.com/mugs/nhl/20242025/NYR/8479324.png,55,D,11,73,84,352,100
8480817,K'Andre,Miller,3,NYR,https://assets.nhle.com/mugs/nhl/20242025/NYR/8480817.png,79,D,30,79,109,318,41
8482073,Braden,Schneider,3,NYR,https://assets.nhle.com/mugs/nhl/20242025/NYR/8482073.png,4,D,14,42,56,230,20
8476885,Jacob,Trouba,3,NYR,https://assets.nhle.com/mugs/nhl/20242025/NYR/8476885.png,8,D,73,242,315,772,53
8471734,Jonathan,Quick,3,NYR,https://assets.nhle.com/mugs/nhl/20242025/NYR/8471734.png,32,G,0,21,0,787,0
8478048,Igor,Shesterkin,3,NYR,https://assets.nhle.com/mugs/nhl/20242025/NYR/8478048.png,31,G,0,3,0,231,0
8481553,Bobby,Brink,4,PHI,https://assets.nhle.com/mugs/nhl/20242025/PHI/8481553.png,10,R,15,24,39,89,-12
8480220,Noah,Cates,4,PHI,https://assets.nhle.com/mugs/nhl/20242025/PHI/8480220.png,27,L,25,45,70,178,9
8476461,Sean,Couturier,4,PHI,https://assets.nhle.com/mugs/nhl/20242025/PHI/8476461.png,14,C,197,315,512,819,71
8475235,Nicolas,Deslauriers,4,PHI,https://assets.nhle.com/mugs/nhl/20242025/PHI/8475235.png,44,L,51,51,102,653,-96
8480797,Joel,Farabee,4,PHI,https://assets.nhle.com/mugs/nhl/20242025/PHI/8480797.png,86,L,85,105,190,359,-27
8482159,Tyson,Foerster,4,PHI,https://assets.nhle.com/mugs/nhl/20242025/PHI/8482159.png,71,R,28,20,48,109,-1
8480028,Morgan,Frost,4,PHI,https://assets.nhle.com/mugs/nhl/20242025/PHI/8480028.png,48,C,42,78,120,250,-30
8477903,Garnet,Hathaway,4,PHI,https://assets.nhle.com/mugs/nhl/20242025/PHI/8477903.png,19,R,67,80,147,564,46
8478439,Travis,Konecny,4,PHI,https://assets.nhle.com/mugs/nhl/20242025/PHI/8478439.png,11,R,187,243,430,589,-26
8476872,Scott,Laughton,4,PHI,https://assets.nhle.com/mugs/nhl/20242025/PHI/8476872.png,21,C,98,149,247,626,-40
8484387,Matvei,Michkov,4,PHI,https://assets.nhle.com/mugs/nhl/20242025/PHI/8484387.png,39,R,9,10,19,23,0
8480068,Ryan,Poehling,4,PHI,https://assets.nhle.com/mugs/nhl/20242025/PHI/8480068.png,25,C,32,40,72,237,-37
8480015,Owen,Tippett,4,PHI,https://assets.nhle.com/mugs/nhl/20242025/PHI/8480015.png,74,R,78,76,154,295,-45
8482126,Emil,Andrae,4,PHI,https://assets.nhle.com/mugs/nhl/20242025/PHI/8482126.png,36,D,1,3,4,19,3
8482142,Jamie,Drysdale,4,PHI,https://assets.nhle.com/mugs/nhl/20242025/PHI/8482142.png,9,D,11,42,53,162,-71
8475176,Ryan,Ellis,4,PHI,https://assets.nhle.com/mugs/nhl/20242025/PHI/8475176.png,94,D,76,199,275,566,116
8473446,Erik,Johnson,4,PHI,https://assets.nhle.com/mugs/nhl/20242025/PHI/8473446.png,77,D,94,251,345,1002,-13
8477499,Rasmus,Ristolainen,4,PHI,https://assets.nhle.com/mugs/nhl/20242025/PHI/8477499.png,55,D,53,239,292,738,-181
8477948,Travis,Sanheim,4,PHI,https://assets.nhle.com/mugs/nhl/20242025/PHI/8477948.png,6,D,51,147,198,522,-42
8476372,Nick,Seeler,4,PHI,https://assets.nhle.com/mugs/nhl/20242025/PHI/8476372.png,24,D,9,39,48,316,-1
8481546,Cam,York,4,PHI,https://assets.nhle.com/mugs/nhl/20242025/PHI/8481546.png,8,D,17,46,63,181,-30
8481178,Egor,Zamula,4,PHI,https://assets.nhle.com/mugs/nhl/20242025/PHI/8481178.png,5,D,6,25,31,109,-12
8481035,Samuel,Ersson,4,PHI,https://assets.nhle.com/mugs/nhl/20242025/PHI/8481035.png,33,G,0,0,0,74,0
8478905,Ivan,Fedotov,4,PHI,https://assets.nhle.com/mugs/nhl/20242025/PHI/8478905.png,82,G,0,0,0,12,0
8482783,Aleksei,Kolosov,4,PHI,https://assets.nhle.com/mugs/nhl/20242025/PHI/8482783.png,35,G,0,0,0,7,0
8478569,Noel,Acciari,5,PIT,https://assets.nhle.com/mugs/nhl/20242025/PIT/8478569.png,55,C,65,47,112,466,-30
8478463,Anthony,Beauvillier,5,PIT,https://assets.nhle.com/mugs/nhl/20242025/PIT/8478463.png,72,L,123,133,256,577,-18
8478047,Michael,Bunting,5,PIT,https://assets.nhle.com/mugs/nhl/20242025/PIT/8478047.png,8,L,81,110,191,294,23
8471675,Sidney,Crosby,5,PIT,https://assets.nhle.com/mugs/nhl/20242025/PIT/8471675.png,87,C,600,1022,1622,1299,212
8479996,Cody,Glass,5,PIT,https://assets.nhle.com/mugs/nhl/20242025/PIT/8479996.png,19,C,29,46,75,201,-8
8475763,Kevin,Hayes,5,PIT,https://assets.nhle.com/mugs/nhl/20242025/PIT/8475763.png,13,R,172,249,421,732,-33
8481481,Blake,Lizotte,5,PIT,https://assets.nhle.com/mugs/nhl/20242025/PIT/8481481.png,46,C,41,72,113,331,37
8471215,Evgeni,Malkin,5,PIT,https://assets.nhle.com/mugs/nhl/20242025/PIT/8471215.png,71,C,504,816,1320,1172,41
8476442,Matt,Nieto,5,PIT,https://assets.nhle.com/mugs/nhl/20242025/PIT/8476442.png,83,L,86,117,203,682,-61
8482055,Drew,O'Connor,5,PIT,https://assets.nhle.com/mugs/nhl/20242025/PIT/8482055.png,10,L,27,32,59,184,-5
8479344,Jesse,Puljujarvi,5,PIT,https://assets.nhle.com/mugs/nhl/20242025/PIT/8479344.png,18,R,57,69,126,376,5
8476483,Rickard,Rakell,5,PIT,https://assets.nhle.com/mugs/nhl/20242025/PIT/8476483.png,67,R,211,254,465,748,-15
8475810,Bryan,Rust,5,PIT,https://assets.nhle.com/mugs/nhl/20242025/PIT/8475810.png,17,R,180,205,385,587,47
8481577,Philip,Tomasino,5,PIT,https://assets.nhle.com/mugs/nhl/20242025/PIT/8481577.png,53,C,25,49,74,163,1
8477435,Ryan,Graves,5,PIT,https://assets.nhle.com/mugs/nhl/20242025/PIT/8477435.png,27,D,31,83,114,392,86
8476891,Matt,Grzelcyk,5,PIT,https://assets.nhle.com/mugs/nhl/20242025/PIT/8476891.png,24,D,25,121,146,472,125
8474578,Erik,Karlsson,5,PIT,https://assets.nhle.com/mugs/nhl/20242025/PIT/8474578.png,65,D,191,642,833,1029,-110
8471724,Kris,Letang,5,PIT,https://assets.nhle.com/mugs/nhl/20242025/PIT/8471724.png,58,D,170,582,752,1111,87
8477969,Marcus,Pettersson,5,PIT,https://assets.nhle.com/mugs/nhl/20242025/PIT/8477969.png,28,D,16,128,144,471,72
8483503,Owen,Pickering,5,PIT,https://assets.nhle.com/mugs/nhl/20242025/PIT/8483503.png,38,D,1,1,2,6,2
8478854,Ryan,Shea,5,PIT,https://assets.nhle.com/mugs/nhl/20242025/PIT/8478854.png,5,D,1,1,2,43,-1
8477465,Tristan,Jarry,5,PIT,https://assets.nhle.com/mugs/nhl/20242025/PIT/8477465.png,35,G,1,10,0,266,0
8477968,Alex,Nedeljkovic,5,PIT,https://assets.nhle.com/mugs/nhl/20242025/PIT/8477968.png,39,G,0,3,0,153,0
8481556,John,Beecher,6,BOS,https://assets.nhle.com/mugs/nhl/20242025/BOS/8481556.png,19,C,9,8,17,79,-4
8479638,Justin,Brazeau,6,BOS,https://assets.nhle.com/mugs/nhl/20242025/BOS/8479638.png,55,R,11,9,20,45,1
8475745,Charlie,Coyle,6,BOS,https://assets.nhle.com/mugs/nhl/20242025/BOS/8475745.png,13,C,179,279,458,895,48
8479365,Trent,Frederic,6,BOS,https://assets.nhle.com/mugs/nhl/20242025/BOS/8479365.png,11,C,50,53,103,308,25
8479987,Morgan,Geekie,6,BOS,https://assets.nhle.com/mugs/nhl/20242025/BOS/8479987.png,39,C,43,67,110,279,1
8474870,Tyler,Johnson,6,BOS,https://assets.nhle.com/mugs/nhl/20242025/BOS/8474870.png,90,C,193,240,433,746,23
8480355,Mark,Kastelic,6,BOS,https://assets.nhle.com/mugs/nhl/20242025/BOS/8480355.png,47,C,17,17,34,171,-5
8481043,Cole,Koepke,6,BOS,https://assets.nhle.com/mugs/nhl/20242025/BOS/8481043.png,45,L,6,7,13,53,4
8477496,Elias,Lindholm,6,BOS,https://assets.nhle.com/mugs/nhl/20242025/BOS/8477496.png,28,C,221,349,570,846,15
8473419,Brad,Marchand,6,BOS,https://assets.nhle.com/mugs/nhl/20242025/BOS/8473419.png,63,L,411,538,949,1057,291
8483397,Marc,McLaughlin,6,BOS,https://assets.nhle.com/mugs/nhl/20242025/BOS/8483397.png,26,C,4,0,4,18,-1
8477956,David,Pastrnak,6,BOS,https://assets.nhle.com/mugs/nhl/20242025/BOS/8477956.png,88,R,357,396,753,702,137
8478401,Pavel,Zacha,6,BOS,https://assets.nhle.com/mugs/nhl/20242025/BOS/8478401.png,18,C,117,190,307,574,-28
8478443,Brandon,Carlo,6,BOS,https://assets.nhle.com/mugs/nhl/20242025/BOS/8478443.png,25,D,29,74,103,582,127
8476854,Hampus,Lindholm,6,BOS,https://assets.nhle.com/mugs/nhl/20242025/BOS/8476854.png,27,D,73,240,313,762,147
8482511,Mason,Lohrei,6,BOS,https://assets.nhle.com/mugs/nhl/20242025/BOS/8482511.png,6,D,5,19,24,65,-11
8479325,Charlie,McAvoy,6,BOS,https://assets.nhle.com/mugs/nhl/20242025/BOS/8479325.png,73,D,58,229,287,482,149
8477851,Jordan,Oesterle,6,BOS,https://assets.nhle.com/mugs/nhl/20242025/BOS/8477851.png,82,D,19,70,89,377,-58
8479369,Andrew,Peeke,6,BOS,https://assets.nhle.com/mugs/nhl/20242025/BOS/8479369.png,52,D,10,38,48,255,-61
8478450,Parker,Wotherspoon,6,BOS,https://assets.nhle.com/mugs/nhl/20242025/BOS/8478450.png,29,D,0,9,9,68,11
8477507,Nikita,Zadorov,6,BOS,https://assets.nhle.com/mugs/nhl/20242025/BOS/8477507.png,91,D,49,105,154,670,15
8476914,Joonas,Korpisalo,6,BOS,https://assets.nhle.com/mugs/nhl/20242025/BOS/8476914.png,70,G,0,3,0,286,0
8480280,Jeremy,Swayman,6,BOS,https://assets.nhle.com/mugs/nhl/20242025/BOS/8480280.png,1,G,0,1,0,151,0
8477979,Nicolas,Aube-Kubel,7,BUF,https://assets.nhle.com/mugs/nhl/20242025/BUF/8477979.png,96,R,31,48,79,291,14
8484145,Zach,Benson,7,BUF,https://assets.nhle.com/mugs/nhl/20242025/BUF/8484145.png,9,L,14,23,37,90,-3
8481528,Dylan,Cozens,7,BUF,https://assets.nhle.com/mugs/nhl/20242025/BUF/8481528.png,24,C,71,106,177,305,-45
8478413,Jordan,Greenway,7,BUF,https://assets.nhle.com/mugs/nhl/20242025/BUF/8478413.png,12,L,55,102,157,417,29
8481522,Peyton,Krebs,7,BUF,https://assets.nhle.com/mugs/nhl/20242025/BUF/8481522.png,19,C,23,50,73,239,-31
8483468,Jiri,Kulich,7,BUF,https://assets.nhle.com/mugs/nhl/20242025/BUF/8483468.png,20,C,2,0,2,17,-2
8478043,Sam,Lafferty,7,BUF,https://assets.nhle.com/mugs/nhl/20242025/BUF/8478043.png,81,C,37,47,84,311,-26
8479359,Beck,Malenstyn,7,BUF,https://assets.nhle.com/mugs/nhl/20242025/BUF/8479359.png,29,L,10,18,28,130,-3
8480802,Ryan,McLeod,7,BUF,https://assets.nhle.com/mugs/nhl/20242025/BUF/8480802.png,71,C,38,49,87,244,16
8482175,JJ,Peterka,7,BUF,https://assets.nhle.com/mugs/nhl/20242025/BUF/8482175.png,77,R,48,51,99,184,-10
8482097,Jack,Quinn,7,BUF,https://assets.nhle.com/mugs/nhl/20242025/BUF/8482097.png,22,R,25,38,63,128,-19
8479420,Tage,Thompson,7,BUF,https://assets.nhle.com/mugs/nhl/20242025/BUF/8479420.png,72,C,145,128,273,392,-50
8477949,Alex,Tuch,7,BUF,https://assets.nhle.com/mugs/nhl/20242025/BUF/8477949.png,89,R,139,199,338,479,50
8475722,Jason,Zucker,7,BUF,https://assets.nhle.com/mugs/nhl/20242025/BUF/8475722.png,17,L,201,184,385,722,0
8480196,Jacob,Bryson,7,BUF,https://assets.nhle.com/mugs/nhl/20242025/BUF/8480196.png,78,D,4,34,38,220,-33
8481524,Bowen,Byram,7,BUF,https://assets.nhle.com/mugs/nhl/20242025/BUF/8481524.png,4,D,30,57,87,189,22
8477365,Connor,Clifton,7,BUF,https://assets.nhle.com/mugs/nhl/20242025/BUF/8477365.png,75,D,14,52,66,335,51
8480839,Rasmus,Dahlin,7,BUF,https://assets.nhle.com/mugs/nhl/20242025/BUF/8480839.png,26,D,72,239,311,461,-65
8478502,Dennis,Gilbert,7,BUF,https://assets.nhle.com/mugs/nhl/20242025/BUF/8478502.png,8,D,3,11,14,88,-15
8480035,Henri,Jokiharju,7,BUF,https://assets.nhle.com/mugs/nhl/20242025/BUF/8480035.png,10,D,17,73,90,366,-28
8482671,Owen,Power,7,BUF,https://assets.nhle.com/mugs/nhl/20242025/BUF/8482671.png,25,D,15,71,86,188,19
8480807,Mattias,Samuelsson,7,BUF,https://assets.nhle.com/mugs/nhl/20242025/BUF/8480807.png,23,D,4,26,30,163,-2
8480045,Ukko-Pekka,Luukkonen,7,BUF,https://assets.nhle.com/mugs/nhl/20242025/BUF/8480045.png,1,G,0,3,0,117,0
8473503,James,Reimer,7,BUF,https://assets.nhle.com/mugs/nhl/20242025/BUF/8473503.png,47,G,0,3,0,505,0
8476981,Josh,Anderson,8,MTL,https://assets.nhle.com/mugs/nhl/20242025/MTL/8476981.png,17,R,135,98,233,560,-38
8476469,Joel,Armia,8,MTL,https://assets.nhle.com/mugs/nhl/20242025/MTL/8476469.png,40,R,94,94,188,530,-18
8481540,Cole,Caufield,8,MTL,https://assets.nhle.com/mugs/nhl/20242025/MTL/8481540.png,13,R,97,75,172,230,-43
8481523,Kirby,Dach,8,MTL,https://assets.nhle.com/mugs/nhl/20242025/MTL/8481523.png,77,C,34,73,107,237,-43
8477989,Christian,Dvorak,8,MTL,https://assets.nhle.com/mugs/nhl/20242025/MTL/8477989.png,28,C,95,129,224,477,-62
8478133,Jake,Evans,8,MTL,https://assets.nhle.com/mugs/nhl/20242025/MTL/8478133.png,71,C,31,73,104,293,-11
8475848,Brendan,Gallagher,8,MTL,https://assets.nhle.com/mugs/nhl/20242025/MTL/8475848.png,11,R,226,213,439,777,28
8482476,Emil,Heineman,8,MTL,https://assets.nhle.com/mugs/nhl/20242025/MTL/8482476.png,51,L,6,2,8,28,-2
8479339,Patrik,Laine,8,MTL,https://assets.nhle.com/mugs/nhl/20242025/MTL/8479339.png,92,R,205,184,389,481,-59
8481618,Alex,Newhook,8,MTL,https://assets.nhle.com/mugs/nhl/20242025/MTL/8481618.png,15,C,47,58,105,239,-5
8479543,Michael,Pezzetta,8,MTL,https://assets.nhle.com/mugs/nhl/20242025/MTL/8479543.png,55,L,15,23,38,178,-8
8483515,Juraj,Slafkovsky,8,MTL,https://assets.nhle.com/mugs/nhl/20242025/MTL/8483515.png,20,L,26,48,74,143,-40
8480018,Nick,Suzuki,8,MTL,https://assets.nhle.com/mugs/nhl/20242025/MTL/8480018.png,14,C,118,194,312,398,-76
8482111,Justin,Barron,8,MTL,https://assets.nhle.com/mugs/nhl/20242025/MTL/8482111.png,52,D,13,18,31,106,-14
8482087,Kaiden,Guhle,8,MTL,https://assets.nhle.com/mugs/nhl/20242025/MTL/8482087.png,21,D,12,34,46,134,-27
8483457,Lane,Hutson,8,MTL,https://assets.nhle.com/mugs/nhl/20242025/MTL/8483457.png,48,D,0,18,18,27,-14
8476875,Mike,Matheson,8,MTL,https://assets.nhle.com/mugs/nhl/20242025/MTL/8476875.png,8,D,70,179,249,570,-35
8475233,David,Savard,8,MTL,https://assets.nhle.com/mugs/nhl/20242025/MTL/8475233.png,58,D,53,179,232,819,-27
8481593,Jayden,Struble,8,MTL,https://assets.nhle.com/mugs/nhl/20242025/MTL/8481593.png,47,D,5,10,15,75,-7
8482964,Arber,Xhekaj,8,MTL,https://assets.nhle.com/mugs/nhl/20242025/MTL/8482964.png,72,D,8,18,26,117,-9
8478470,Sam,Montembeault,8,MTL,https://assets.nhle.com/mugs/nhl/20242025/MTL/8478470.png,35,G,0,3,0,163,0
8480051,Cayden,Primeau,8,MTL,https://assets.nhle.com/mugs/nhl/20242025/MTL/8480051.png,30,G,0,2,0,54,0
8478020,Michael,Amadio,9,OTT,https://assets.nhle.com/mugs/nhl/20242025/OTT/8478020.png,22,R,59,58,117,393,-16
8480208,Drake,Batherson,9,OTT,https://assets.nhle.com/mugs/nhl/20242025/OTT/8480208.png,19,R,99,151,250,333,-74
8476393,Nick,Cousins,9,OTT,https://assets.nhle.com/mugs/nhl/20242025/OTT/8476393.png,21,C,73,112,185,614,-23
8478874,Adam,Gaudette,9,OTT,https://assets.nhle.com/mugs/nhl/20242025/OTT/8478874.png,81,R,39,44,83,243,-35
8473512,Claude,Giroux,9,OTT,https://assets.nhle.com/mugs/nhl/20242025/OTT/8473512.png,28,R,356,727,1083,1206,24
8479393,Noah,Gregor,9,OTT,https://assets.nhle.com/mugs/nhl/20242025/OTT/8479393.png,73,L,34,32,66,260,-61
8482092,Ridly,Greig,9,OTT,https://assets.nhle.com/mugs/nhl/20242025/OTT/8482092.png,71,C,17,25,42,113,4
8480064,Josh,Norris,9,OTT,https://assets.nhle.com/mugs/nhl/20242025/OTT/8480064.png,9,C,79,59,138,207,-32
8482859,Zack,Ostapchuk,9,OTT,https://assets.nhle.com/mugs/nhl/20242025/OTT/8482859.png,38,C,0,1,1,17,0
8474102,David,Perron,9,OTT,https://assets.nhle.com/mugs/nhl/20242025/OTT/8474102.png,57,L,310,458,768,1140,-2
8481596,Shane,Pinto,9,OTT,https://assets.nhle.com/mugs/nhl/20242025/OTT/8481596.png,12,C,31,42,73,156,-13
8481133,Cole,Reinhardt,9,OTT,https://assets.nhle.com/mugs/nhl/20242025/OTT/8481133.png,51,L,1,1,2,6,-2
8482116,Tim,Stützle,9,OTT,https://assets.nhle.com/mugs/nhl/20242025/OTT/8482116.png,18,C,101,176,277,309,-63
8480801,Brady,Tkachuk,9,OTT,https://assets.nhle.com/mugs/nhl/20242025/OTT/8480801.png,7,L,175,202,377,464,-58
8480879,Jacob,Bernard-Docker,9,OTT,https://assets.nhle.com/mugs/nhl/20242025/OTT/8480879.png,24,D,4,15,19,118,-5
8478469,Thomas,Chabot,9,OTT,https://assets.nhle.com/mugs/nhl/20242025/OTT/8478469.png,72,D,63,209,272,456,-71
8474612,Travis,Hamonic,9,OTT,https://assets.nhle.com/mugs/nhl/20242025/OTT/8474612.png,23,D,52,184,236,864,-21
8475324,Nick,Jensen,9,OTT,https://assets.nhle.com/mugs/nhl/20242025/OTT/8475324.png,3,D,20,123,143,586,28
8482095,Tyler,Kleven,9,OTT,https://assets.nhle.com/mugs/nhl/20242025/OTT/8482095.png,43,D,1,4,5,41,-5
8484321,Nikolas,Matinpalo,9,OTT,https://assets.nhle.com/mugs/nhl/20242025/OTT/8484321.png,33,D,0,0,0,4,1
8482105,Jake,Sanderson,9,OTT,https://assets.nhle.com/mugs/nhl/20242025/OTT/8482105.png,85,D,15,69,84,180,-13
8482245,Artem,Zub,9,OTT,https://assets.nhle.com/mugs/nhl/20242025/OTT/8482245.png,2,D,17,56,73,261,5
8476341,Anton,Forsberg,9,OTT,https://assets.nhle.com/mugs/nhl/20242025/OTT/8476341.png,31,G,0,2,0,170,0
8476999,Linus,Ullmark,9,OTT,https://assets.nhle.com/mugs/nhl/20242025/OTT/8476999.png,35,G,1,3,0,262,0
8480980,Connor,Dewar,10,TOR,https://assets.nhle.com/mugs/nhl/20242025/TOR/8480980.png,24,C,19,24,43,199,-19
8477503,Max,Domi,10,TOR,https://assets.nhle.com/mugs/nhl/20242025/TOR/8477503.png,11,C,130,293,423,680,-9
8483733,Nikita,Grebenkin,10,TOR,https://assets.nhle.com/mugs/nhl/20242025/TOR/8483733.png,71,R,0,0,0,6,-3
8480995,Pontus,Holmberg,10,TOR,https://assets.nhle.com/mugs/nhl/20242025/TOR/8480995.png,29,R,13,22,35,114,8
8475714,Calle,Jarnkrok,10,TOR,https://assets.nhle.com/mugs/nhl/20242025/TOR/8475714.png,19,C,136,165,301,699,70
8480144,David,Kampf,10,TOR,https://assets.nhle.com/mugs/nhl/20242025/TOR/8480144.png,64,C,43,90,133,495,-17
8482720,Matthew,Knies,10,TOR,https://assets.nhle.com/mugs/nhl/20242025/TOR/8482720.png,23,L,25,27,52,106,14
8478904,Steven,Lorentz,10,TOR,https://assets.nhle.com/mugs/nhl/20242025/TOR/8478904.png,18,C,24,24,48,255,-24
8478483,Mitch,Marner,10,TOR,https://assets.nhle.com/mugs/nhl/20242025/TOR/8478483.png,16,R,203,472,675,601,118
8479318,Auston,Matthews,10,TOR,https://assets.nhle.com/mugs/nhl/20242025/TOR/8479318.png,34,C,376,289,665,578,146
8482259,Bobby,McMann,10,TOR,https://assets.nhle.com/mugs/nhl/20242025/TOR/8482259.png,74,C,21,11,32,87,17
8483489,Fraser,Minten,10,TOR,https://assets.nhle.com/mugs/nhl/20242025/TOR/8483489.png,39,C,2,2,4,10,2
8479423,Alex,Nylander,10,TOR,https://assets.nhle.com/mugs/nhl/20242025/TOR/8479423.png,92,L,25,24,49,125,-12
8477939,William,Nylander,10,TOR,https://assets.nhle.com/mugs/nhl/20242025/TOR/8477939.png,88,R,233,322,555,628,24
8474157,Max,Pacioretty,10,TOR,https://assets.nhle.com/mugs/nhl/20242025/TOR/8474157.png,67,L,332,342,674,915,59
8471817,Ryan,Reaves,10,TOR,https://assets.nhle.com/mugs/nhl/20242025/TOR/8471817.png,75,R,63,73,136,894,-47
8481582,Nicholas,Robertson,10,TOR,https://assets.nhle.com/mugs/nhl/20242025/TOR/8481582.png,89,L,19,17,36,109,5
8475166,John,Tavares,10,TOR,https://assets.nhle.com/mugs/nhl/20242025/TOR/8475166.png,91,C,467,595,1062,1133,-24
8481122,Simon,Benoit,10,TOR,https://assets.nhle.com/mugs/nhl/20242025/TOR/8481122.png,2,D,5,18,23,224,-24
8475171,Oliver,Ekman-Larsson,10,TOR,https://assets.nhle.com/mugs/nhl/20242025/TOR/8475171.png,95,D,145,335,480,1007,-118
8475825,Jani,Hakanpää,10,TOR,https://assets.nhle.com/mugs/nhl/20242025/TOR/8475825.png,28,D,15,30,45,290,33
8476931,Jake,McCabe,10,TOR,https://assets.nhle.com/mugs/nhl/20242025/TOR/8476931.png,22,D,33,124,157,600,-5
8477541,Dakota,Mermis,10,TOR,https://assets.nhle.com/mugs/nhl/20242025/TOR/8477541.png,36,D,4,8,12,74,5
8479026,Philippe,Myers,10,TOR,https://assets.nhle.com/mugs/nhl/20242025/TOR/8479026.png,51,D,8,29,37,161,5
8476853,Morgan,Rielly,10,TOR,https://assets.nhle.com/mugs/nhl/20242025/TOR/8476853.png,44,D,84,403,487,816,-18
8483546,Marshall,Rifai,10,TOR,https://assets.nhle.com/mugs/nhl/20242025/TOR/8483546.png,83,D,0,0,0,2,1
8475690,Chris,Tanev,10,TOR,https://assets.nhle.com/mugs/nhl/20242025/TOR/8475690.png,8,D,34,162,196,817,129
8479982,Conor,Timmins,10,TOR,https://assets.nhle.com/mugs/nhl/20242025/TOR/8479982.png,25,D,4,32,36,114,19
8476932,Anthony,Stolarz,10,TOR,https://assets.nhle.com/mugs/nhl/20242025/TOR/8476932.png,41,G,0,4,0,122,0
8479361,Joseph,Woll,10,TOR,https://assets.nhle.com/mugs/nhl/20242025/TOR/8479361.png,60,G,0,0,0,45,0
8478427,Sebastian,Aho,12,CAR,https://assets.nhle.com/mugs/nhl/20242025/CAR/8478427.png,20,C,261,322,583,623,108
8482809,Jackson,Blake,12,CAR,https://assets.nhle.com/mugs/nhl/20242025/CAR/8482809.png,53,R,7,3,10,26,-2
8477478,William,Carrier,12,CAR,https://assets.nhle.com/mugs/nhl/20242025/CAR/8477478.png,28,L,60,52,112,438,21
8480835,Jack,Drury,12,CAR,https://assets.nhle.com/mugs/nhl/20242025/CAR/8480835.png,18,C,15,30,45,139,15
8482093,Seth,Jarvis,12,CAR,https://assets.nhle.com/mugs/nhl/20242025/CAR/8482093.png,24,C,71,91,162,249,40
8480829,Jesperi,Kotkaniemi,12,CAR,https://assets.nhle.com/mugs/nhl/20242025/CAR/8480829.png,82,C,67,107,174,423,3
8476921,Jordan,Martinook,12,CAR,https://assets.nhle.com/mugs/nhl/20242025/CAR/8476921.png,48,L,86,124,210,666,-29
8480039,Martin,Necas,12,CAR,https://assets.nhle.com/mugs/nhl/20242025/CAR/8480039.png,88,C,110,172,282,387,26
8480762,Eric,Robinson,12,CAR,https://assets.nhle.com/mugs/nhl/20242025/CAR/8480762.png,50,L,47,60,107,331,-5
8478458,Jack,Roslovic,12,CAR,https://assets.nhle.com/mugs/nhl/20242025/CAR/8478458.png,96,C,92,144,236,470,-29
8473533,Jordan,Staal,12,CAR,https://assets.nhle.com/mugs/nhl/20242025/CAR/8473533.png,11,C,288,396,684,1278,55
8480830,Andrei,Svechnikov,12,CAR,https://assets.nhle.com/mugs/nhl/20242025/CAR/8480830.png,37,R,139,195,334,431,43
8470613,Brent,Burns,12,CAR,https://assets.nhle.com/mugs/nhl/20242025/CAR/8470613.png,8,D,256,631,887,1440,2
8478970,Jalen,Chatfield,12,CAR,https://assets.nhle.com/mugs/nhl/20242025/CAR/8478970.png,5,D,16,32,48,209,44
8476906,Shayne,Gostisbehere,12,CAR,https://assets.nhle.com/mugs/nhl/20242025/CAR/8476906.png,4,D,102,285,387,644,-80
8475200,Dmitry,Orlov,12,CAR,https://assets.nhle.com/mugs/nhl/20242025/CAR/8475200.png,7,D,73,240,313,816,135
8476958,Jaccob,Slavin,12,CAR,https://assets.nhle.com/mugs/nhl/20242025/CAR/8476958.png,74,D,50,230,280,690,155
8479388,Riley,Stillman,12,CAR,https://assets.nhle.com/mugs/nhl/20242025/CAR/8479388.png,61,D,4,22,26,158,-19
8480336,Sean,Walker,12,CAR,https://assets.nhle.com/mugs/nhl/20242025/CAR/8480336.png,26,D,28,72,100,338,-31
8475883,Frederik,Andersen,12,CAR,https://assets.nhle.com/mugs/nhl/20242025/CAR/8475883.png,31,G,0,15,0,499,0
8481611,Pyotr,Kochetkov,12,CAR,https://assets.nhle.com/mugs/nhl/20242025/CAR/8481611.png,52,G,0,1,0,83,0
8474682,Dustin,Tokarski,12,CAR,https://assets.nhle.com/mugs/nhl/20242025/CAR/8474682.png,34,G,0,3,0,80,0
8477493,Aleksander,Barkov,13,FLA,https://assets.nhle.com/mugs/nhl/20242025/FLA/8477493.png,16,C,272,464,736,755,126
8477935,Sam,Bennett,13,FLA,https://assets.nhle.com/mugs/nhl/20242025/FLA/8477935.png,9,C,150,159,309,640,-11
8480003,Jesper,Boqvist,13,FLA,https://assets.nhle.com/mugs/nhl/20242025/FLA/8480003.png,70,C,38,39,77,262,-12
8479981,Jonah,Gadjovich,13,FLA,https://assets.nhle.com/mugs/nhl/20242025/FLA/8479981.png,12,L,7,8,15,131,-16
8478421,A.J.,Greer,13,FLA,https://assets.nhle.com/mugs/nhl/20242025/FLA/8478421.png,10,L,16,24,40,193,2
8482113,Anton,Lundell,13,FLA,https://assets.nhle.com/mugs/nhl/20242025/FLA/8482113.png,15,C,51,80,131,241,52
8480185,Eetu,Luostarinen,13,FLA,https://assets.nhle.com/mugs/nhl/20242025/FLA/8480185.png,27,C,44,72,116,320,11
8477931,Tomas,Nosek,13,FLA,https://assets.nhle.com/mugs/nhl/20242025/FLA/8477931.png,92,L,45,65,110,448,-8
8477933,Sam,Reinhart,13,FLA,https://assets.nhle.com/mugs/nhl/20242025/FLA/8477933.png,13,C,273,299,572,722,-46
8478542,Evan,Rodrigues,13,FLA,https://assets.nhle.com/mugs/nhl/20242025/FLA/8478542.png,17,C,87,133,220,491,-2
8479314,Matthew,Tkachuk,13,FLA,https://assets.nhle.com/mugs/nhl/20242025/FLA/8479314.png,19,L,225,377,602,611,130
8477409,Carter,Verhaeghe,13,FLA,https://assets.nhle.com/mugs/nhl/20242025/FLA/8477409.png,23,C,134,135,269,356,50
8484304,Uvis,Balinskis,13,FLA,https://assets.nhle.com/mugs/nhl/20242025/FLA/8484304.png,26,D,1,9,10,50,-7
8480871,Adam,Boqvist,13,FLA,https://assets.nhle.com/mugs/nhl/20242025/FLA/8480871.png,34,D,25,64,89,221,-45
8477932,Aaron,Ekblad,13,FLA,https://assets.nhle.com/mugs/nhl/20242025/FLA/8477932.png,5,D,116,245,361,702,90
8478055,Gustav,Forsling,13,FLA,https://assets.nhle.com/mugs/nhl/20242025/FLA/8478055.png,42,D,49,123,172,423,139
8475179,Dmitry,Kulikov,13,FLA,https://assets.nhle.com/mugs/nhl/20242025/FLA/8475179.png,7,D,49,191,240,974,-24
8478859,Niko,Mikkola,13,FLA,https://assets.nhle.com/mugs/nhl/20242025/FLA/8478859.png,77,D,9,41,50,278,4
8477220,Nate,Schmidt,13,FLA,https://assets.nhle.com/mugs/nhl/20242025/FLA/8477220.png,88,D,50,178,228,685,100
8475683,Sergei,Bobrovsky,13,FLA,https://assets.nhle.com/mugs/nhl/20242025/FLA/8475683.png,72,G,0,12,0,717,0
8476904,Chris,Driedger,13,FLA,https://assets.nhle.com/mugs/nhl/20242025/FLA/8476904.png,60,G,0,2,0,67,0
8481519,Spencer,Knight,13,FLA,https://assets.nhle.com/mugs/nhl/20242025/FLA/8481519.png,30,G,0,2,0,67,0
8474715,Cam,Atkinson,14,TBL,https://assets.nhle.com/mugs/nhl/20242025/TBL/8474715.png,13,R,251,232,483,785,-14
8482070,Mitchell,Chaffee,14,TBL,https://assets.nhle.com/mugs/nhl/20242025/TBL/8482070.png,41,R,9,7,16,52,8
8478519,Anthony,Cirelli,14,TBL,https://assets.nhle.com/mugs/nhl/20242025/TBL/8478519.png,71,C,107,149,256,454,105
8479591,Michael,Eyssimont,14,TBL,https://assets.nhle.com/mugs/nhl/20242025/TBL/8479591.png,23,C,19,25,44,158,9
8483447,Conor,Geekie,14,TBL,https://assets.nhle.com/mugs/nhl/20242025/TBL/8483447.png,14,C,3,3,6,23,2
8476878,Zemgus,Girgensons,14,TBL,https://assets.nhle.com/mugs/nhl/20242025/TBL/8476878.png,28,C,89,101,190,711,-68
8476822,Luke,Glendening,14,TBL,https://assets.nhle.com/mugs/nhl/20242025/TBL/8476822.png,11,C,80,81,161,810,-77
8482201,Gage,Goncalves,14,TBL,https://assets.nhle.com/mugs/nhl/20242025/TBL/8482201.png,93,C,0,1,1,13,-1
8477404,Jake,Guentzel,14,TBL,https://assets.nhle.com/mugs/nhl/20242025/TBL/8477404.png,59,C,237,276,513,543,71
8479542,Brandon,Hagel,14,TBL,https://assets.nhle.com/mugs/nhl/20242025/TBL/8479542.png,38,L,100,136,236,316,8
8476453,Nikita,Kucherov,14,TBL,https://assets.nhle.com/mugs/nhl/20242025/TBL/8476453.png,86,R,332,575,907,747,140
8477426,Nick,Paul,14,TBL,https://assets.nhle.com/mugs/nhl/20242025/TBL/8477426.png,20,L,80,91,171,427,-31
8478010,Brayden,Point,14,TBL,https://assets.nhle.com/mugs/nhl/20242025/TBL/8478010.png,21,C,280,294,574,599,61
8478416,Erik,Cernak,14,TBL,https://assets.nhle.com/mugs/nhl/20242025/TBL/8478416.png,81,D,20,74,94,388,70
8475167,Victor,Hedman,14,TBL,https://assets.nhle.com/mugs/nhl/20242025/TBL/8475167.png,77,D,160,590,750,1075,178
8482929,Emil,Lilleberg,14,TBL,https://assets.nhle.com/mugs/nhl/20242025/TBL/8482929.png,78,D,0,11,11,57,-18
8474151,Ryan,McDonagh,14,TBL,https://assets.nhle.com/mugs/nhl/20242025/TBL/8474151.png,27,D,76,319,395,951,256
8482655,J.J.,Moser,14,TBL,https://assets.nhle.com/mugs/nhl/20242025/TBL/8482655.png,90,D,18,62,80,228,-17
8480246,Nick,Perbix,14,TBL,https://assets.nhle.com/mugs/nhl/20242025/TBL/8480246.png,48,D,9,41,50,165,21
8478178,Darren,Raddysh,14,TBL,https://assets.nhle.com/mugs/nhl/20242025/TBL/8478178.png,43,D,8,35,43,118,-6
8477992,Jonas,Johansson,14,TBL,https://assets.nhle.com/mugs/nhl/20242025/TBL/8477992.png,31,G,0,0,0,66,0
8476883,Andrei,Vasilevskiy,14,TBL,https://assets.nhle.com/mugs/nhl/20242025/TBL/8476883.png,88,G,0,20,0,496,0
8473563,Nicklas,Backstrom,15,WSH,https://assets.nhle.com/mugs/nhl/20242025/WSH/8473563.png,19,C,271,762,1033,1105,83
8475343,Nic,Dowd,15,WSH,https://assets.nhle.com/mugs/nhl/20242025/WSH/8475343.png,26,C,77,81,158,525,20
8479400,Pierre-Luc,Dubois,15,WSH,https://assets.nhle.com/mugs/nhl/20242025/WSH/8479400.png,80,L,148,210,358,541,6
8479520,Brandon,Duhaime,15,WSH,https://assets.nhle.com/mugs/nhl/20242025/WSH/8479520.png,22,R,24,24,48,236,0
8474189,Lars,Eller,15,WSH,https://assets.nhle.com/mugs/nhl/20242025/WSH/8474189.png,20,C,184,230,414,1063,-26
8482148,Hendrix,Lapierre,15,WSH,https://assets.nhle.com/mugs/nhl/20242025/WSH/8482148.png,29,C,9,20,29,76,-1
8478233,Andrew,Mangiapane,15,WSH,https://assets.nhle.com/mugs/nhl/20242025/WSH/8478233.png,88,L,115,110,225,442,59
8481580,Connor,McMichael,15,WSH,https://assets.nhle.com/mugs/nhl/20242025/WSH/8481580.png,24,C,41,34,75,180,-14
8477947,Sonny,Milano,15,WSH,https://assets.nhle.com/mugs/nhl/20242025/WSH/8477947.png,15,L,62,75,137,313,-30
8483491,Ivan,Miroshnichenko,15,WSH,https://assets.nhle.com/mugs/nhl/20242025/WSH/8483491.png,63,L,3,7,10,27,-3
8471698,T.J.,Oshie,15,WSH,https://assets.nhle.com/mugs/nhl/20242025/WSH/8471698.png,77,R,302,393,695,1010,87
8471214,Alex,Ovechkin,15,WSH,https://assets.nhle.com/mugs/nhl/20242025/WSH/8471214.png,8,L,868,707,1575,1444,60
8481656,Aliaksei,Protas,15,WSH,https://assets.nhle.com/mugs/nhl/20242025/WSH/8481656.png,21,C,21,53,74,194,3
8479390,Taylor,Raddysh,15,WSH,https://assets.nhle.com/mugs/nhl/20242025/WSH/8479390.png,16,R,40,44,84,250,-47
8478440,Dylan,Strome,15,WSH,https://assets.nhle.com/mugs/nhl/20242025/WSH/8478440.png,17,C,125,211,336,461,-30
8477944,Jakub,Vrana,15,WSH,https://assets.nhle.com/mugs/nhl/20242025/WSH/8477944.png,13,L,114,102,216,383,30
8476880,Tom,Wilson,15,WSH,https://assets.nhle.com/mugs/nhl/20242025/WSH/8476880.png,43,R,155,194,349,779,16
8480823,Alexander,Alexeyev,15,WSH,https://assets.nhle.com/mugs/nhl/20242025/WSH/8480823.png,27,D,1,7,8,77,-6
8474590,John,Carlson,15,WSH,https://assets.nhle.com/mugs/nhl/20242025/WSH/8474590.png,74,D,154,539,693,1034,98
8479345,Jakob,Chychrun,15,WSH,https://assets.nhle.com/mugs/nhl/20242025/WSH/8479345.png,6,D,84,147,231,487,-59
8480796,Martin,Fehervary,15,WSH,https://assets.nhle.com/mugs/nhl/20242025/WSH/8480796.png,42,D,17,39,56,243,-3
8475795,Dylan,McIlrath,15,WSH,https://assets.nhle.com/mugs/nhl/20242025/WSH/8475795.png,52,D,3,6,9,85,-2
8478911,Matt,Roy,15,WSH,https://assets.nhle.com/mugs/nhl/20242025/WSH/8478911.png,3,D,25,86,111,384,72
8480873,Rasmus,Sandin,15,WSH,https://assets.nhle.com/mugs/nhl/20242025/WSH/8480873.png,38,D,20,79,99,252,15
8477845,Trevor,van Riemsdyk,15,WSH,https://assets.nhle.com/mugs/nhl/20242025/WSH/8477845.png,57,D,24,113,137,626,16
8479292,Charlie,Lindgren,15,WSH,https://assets.nhle.com/mugs/nhl/20242025/WSH/8479292.png,79,G,0,1,0,122,0
8480313,Logan,Thompson,15,WSH,https://assets.nhle.com/mugs/nhl/20242025/WSH/8480313.png,48,G,0,3,0,116,0
8479315,Joey,Anderson,16,CHI,https://assets.nhle.com/mugs/nhl/20242025/CHI/8479315.png,22,R,19,21,40,163,-8
8484144,Connor,Bedard,16,CHI,https://assets.nhle.com/mugs/nhl/20242025/CHI/8484144.png,98,C,27,53,80,94,-56
8477479,Tyler,Bertuzzi,16,CHI,https://assets.nhle.com/mugs/nhl/20242025/CHI/8477479.png,59,L,118,153,271,432,-50
8477450,Jason,Dickinson,16,CHI,https://assets.nhle.com/mugs/nhl/20242025/CHI/8477450.png,16,C,66,81,147,469,-16
8477987,Ryan,Donato,16,CHI,https://assets.nhle.com/mugs/nhl/20242025/CHI/8477987.png,8,C,87,93,180,427,-32
8473422,Nick,Foligno,16,CHI,https://assets.nhle.com/mugs/nhl/20242025/CHI/8473422.png,17,L,239,334,573,1181,-32
8475791,Taylor,Hall,16,CHI,https://assets.nhle.com/mugs/nhl/20242025/CHI/8475791.png,71,L,271,436,707,857,-40
8480798,Philipp,Kurashev,16,CHI,https://assets.nhle.com/mugs/nhl/20242025/CHI/8480798.png,23,C,44,77,121,289,-122
8474034,Patrick,Maroon,16,CHI,https://assets.nhle.com/mugs/nhl/20242025/CHI/8474034.png,77,L,122,190,312,803,19
8481624,Ilya,Mikheyev,16,CHI,https://assets.nhle.com/mugs/nhl/20242025/CHI/8481624.png,95,R,62,74,136,294,34
8482117,Lukas,Reichel,16,CHI,https://assets.nhle.com/mugs/nhl/20242025/CHI/8482117.png,73,L,15,26,41,121,-46
8475225,Craig,Smith,16,CHI,https://assets.nhle.com/mugs/nhl/20242025/CHI/8475225.png,15,C,217,227,444,952,96
8476882,Teuvo,Teravainen,16,CHI,https://assets.nhle.com/mugs/nhl/20242025/CHI/8476882.png,86,C,161,310,471,696,93
8482700,Nolan,Allan,16,CHI,https://assets.nhle.com/mugs/nhl/20242025/CHI/8482700.png,42,D,0,4,4,19,-6
8474673,TJ,Brodie,16,CHI,https://assets.nhle.com/mugs/nhl/20242025/CHI/8474673.png,78,D,56,297,353,931,77
8481806,Louis,Crevier,16,CHI,https://assets.nhle.com/mugs/nhl/20242025/CHI/8481806.png,46,D,1,3,4,28,-18
8477495,Seth,Jones,16,CHI,https://assets.nhle.com/mugs/nhl/20242025/CHI/8477495.png,4,D,92,323,415,814,-120
8482176,Wyatt,Kaiser,16,CHI,https://assets.nhle.com/mugs/nhl/20242025/CHI/8482176.png,44,D,0,11,11,65,-4
8474166,Alec,Martinez,16,CHI,https://assets.nhle.com/mugs/nhl/20242025/CHI/8474166.png,25,D,83,197,280,832,80
8476473,Connor,Murphy,16,CHI,https://assets.nhle.com/mugs/nhl/20242025/CHI/8476473.png,5,D,41,110,151,703,-60
8481568,Alex,Vlasic,16,CHI,https://assets.nhle.com/mugs/nhl/20242025/CHI/8481568.png,72,D,4,26,30,123,-13
8475852,Petr,Mrazek,16,CHI,https://assets.nhle.com/mugs/nhl/20242025/CHI/8475852.png,34,G,0,5,0,409,0
8482821,Arvid,Soderblom,16,CHI,https://assets.nhle.com/mugs/nhl/20242025/CHI/8482821.png,40,G,0,0,0,57,0
8481013,Jonatan,Berggren,17,DET,https://assets.nhle.com/mugs/nhl/20242025/DET/8481013.png,48,R,21,19,40,104,-18
8477456,J.T.,Compher,17,DET,https://assets.nhle.com/mugs/nhl/20242025/DET/8477456.png,37,L,110,141,251,524,-10
8477429,Andrew,Copp,17,DET,https://assets.nhle.com/mugs/nhl/20242025/DET/8477429.png,18,C,109,177,286,669,71
8479337,Alex,DeBrincat,17,DET,https://assets.nhle.com/mugs/nhl/20242025/DET/8479337.png,93,R,224,237,461,557,-52
8478432,Christian,Fischer,17,DET,https://assets.nhle.com/mugs/nhl/20242025/DET/8478432.png,36,R,62,71,133,501,-64
8474141,Patrick,Kane,17,DET,https://assets.nhle.com/mugs/nhl/20242025/DET/8474141.png,88,R,474,820,1294,1250,10
8483464,Marco,Kasper,17,DET,https://assets.nhle.com/mugs/nhl/20242025/DET/8483464.png,92,C,2,5,7,22,0
8477946,Dylan,Larkin,17,DET,https://assets.nhle.com/mugs/nhl/20242025/DET/8477946.png,71,C,224,302,526,677,-90
8477353,Tyler,Motte,17,DET,https://assets.nhle.com/mugs/nhl/20242025/DET/8477353.png,14,C,50,41,91,413,-30
8479992,Michael,Rasmussen,17,DET,https://assets.nhle.com/mugs/nhl/20242025/DET/8479992.png,27,C,53,74,127,337,-27
8482078,Lucas,Raymond,17,DET,https://assets.nhle.com/mugs/nhl/20242025/DET/8482078.png,23,L,80,121,201,263,-62
8475765,Vladimir,Tarasenko,17,DET,https://assets.nhle.com/mugs/nhl/20242025/DET/8475765.png,11,R,297,343,640,775,73
8480813,Joe,Veleno,17,DET,https://assets.nhle.com/mugs/nhl/20242025/DET/8480813.png,90,C,31,35,66,254,-46
8475279,Ben,Chiarot,17,DET,https://assets.nhle.com/mugs/nhl/20242025/DET/8475279.png,8,D,41,119,160,667,-55
8482762,Simon,Edvinsson,17,DET,https://assets.nhle.com/mugs/nhl/20242025/DET/8482762.png,77,D,6,10,16,49,-1
8476979,Erik,Gustafsson,17,DET,https://assets.nhle.com/mugs/nhl/20242025/DET/8476979.png,56,D,45,181,226,473,0
8475718,Justin,Holl,17,DET,https://assets.nhle.com/mugs/nhl/20242025/DET/8475718.png,3,D,12,78,90,341,69
8481607,Albert,Johansson,17,DET,https://assets.nhle.com/mugs/nhl/20242025/DET/8481607.png,20,D,0,1,1,13,-3
8473507,Jeff,Petry,17,DET,https://assets.nhle.com/mugs/nhl/20242025/DET/8473507.png,46,D,95,285,380,958,-133
8481542,Moritz,Seider,17,DET,https://assets.nhle.com/mugs/nhl/20242025/DET/8481542.png,53,D,23,124,147,271,-24
8478024,Ville,Husso,17,DET,https://assets.nhle.com/mugs/nhl/20242025/DET/8478024.png,35,G,0,1,0,136,0
8479312,Alex,Lyon,17,DET,https://assets.nhle.com/mugs/nhl/20242025/DET/8479312.png,34,G,0,1,0,92,0
8475660,Cam,Talbot,17,DET,https://assets.nhle.com/mugs/nhl/20242025/DET/8475660.png,39,G,0,7,0,501,0
8482146,Luke,Evangelista,18,NSH,https://assets.nhle.com/mugs/nhl/20242025/NSH/8482146.png,77,R,25,39,64,128,10
8476887,Filip,Forsberg,18,NSH,https://assets.nhle.com/mugs/nhl/20242025/NSH/8476887.png,9,L,296,326,622,724,33
8476873,Mark,Jankowski,18,NSH,https://assets.nhle.com/mugs/nhl/20242025/NSH/8476873.png,17,C,57,54,111,372,4
8482742,Zachary,L'Heureux,18,NSH,https://assets.nhle.com/mugs/nhl/20242025/NSH/8482742.png,68,L,2,3,5,21,-6
8476539,Jonathan,Marchessault,18,NSH,https://assets.nhle.com/mugs/nhl/20242025/NSH/8476539.png,81,C,235,265,500,664,26
8477446,Michael,McCarron,18,NSH,https://assets.nhle.com/mugs/nhl/20242025/NSH/8477446.png,47,R,25,27,52,246,-14
8478438,Tommy,Novak,18,NSH,https://assets.nhle.com/mugs/nhl/20242025/NSH/8478438.png,82,C,39,60,99,169,-2
8474679,Gustav,Nyquist,18,NSH,https://assets.nhle.com/mugs/nhl/20242025/NSH/8474679.png,14,C,204,309,513,810,-20
8475158,Ryan,O'Reilly,18,NSH,https://assets.nhle.com/mugs/nhl/20242025/NSH/8475158.png,90,C,287,498,785,1099,-11
8481704,Juuso,Parssinen,18,NSH,https://assets.nhle.com/mugs/nhl/20242025/NSH/8481704.png,13,C,16,26,42,102,-12
8476925,Colton,Sissons,18,NSH,https://assets.nhle.com/mugs/nhl/20242025/NSH/8476925.png,10,C,90,112,202,643,15
8482062,Cole,Smith,18,NSH,https://assets.nhle.com/mugs/nhl/20242025/NSH/8482062.png,36,L,15,30,45,184,-10
8474564,Steven,Stamkos,18,NSH,https://assets.nhle.com/mugs/nhl/20242025/NSH/8474564.png,91,C,562,588,1150,1108,32
8482768,Fedor,Svechkov,18,NSH,https://assets.nhle.com/mugs/nhl/20242025/NSH/8482768.png,40,C,1,0,1,6,3
8483565,Nick,Blankenburg,18,NSH,https://assets.nhle.com/mugs/nhl/20242025/NSH/8483565.png,37,D,6,12,18,59,-17
8478851,Alexandre,Carrier,18,NSH,https://assets.nhle.com/mugs/nhl/20242025/NSH/8478851.png,45,D,11,58,69,243,27
8481743,Marc,Del Gaizo,18,NSH,https://assets.nhle.com/mugs/nhl/20242025/NSH/8481743.png,7,D,0,6,6,25,1
8474600,Roman,Josi,18,NSH,https://assets.nhle.com/mugs/nhl/20242025/NSH/8474600.png,59,D,188,521,709,935,69
8478468,Jeremy,Lauzon,18,NSH,https://assets.nhle.com/mugs/nhl/20242025/NSH/8478468.png,3,D,14,31,45,310,-12
8474568,Luke,Schenn,18,NSH,https://assets.nhle.com/mugs/nhl/20242025/NSH/8474568.png,2,D,44,155,199,1022,-43
8476869,Brady,Skjei,18,NSH,https://assets.nhle.com/mugs/nhl/20242025/NSH/8476869.png,76,D,70,186,256,635,17
8482482,Adam,Wilsby,18,NSH,https://assets.nhle.com/mugs/nhl/20242025/NSH/8482482.png,83,D,0,0,0,4,1
8481020,Justus,Annunen,18,NSH,https://assets.nhle.com/mugs/nhl/20242025/NSH/8481020.png,29,G,0,1,0,29,0
8477424,Juuse,Saros,18,NSH,https://assets.nhle.com/mugs/nhl/20242025/NSH/8477424.png,74,G,0,8,0,372,0
8482737,Zack,Bolduc,19,STL,https://assets.nhle.com/mugs/nhl/20242025/STL/8482737.png,76,C,7,9,16,45,4
8477402,Pavel,Buchnevich,19,STL,https://assets.nhle.com/mugs/nhl/20242025/STL/8477402.png,89,L,168,248,416,541,49
8476889,Radek,Faksa,19,STL,https://assets.nhle.com/mugs/nhl/20242025/STL/8476889.png,12,C,91,116,207,664,-17
8482077,Dylan,Holloway,19,STL,https://assets.nhle.com/mugs/nhl/20242025/STL/8482077.png,81,C,17,16,33,115,6
8478472,Mathieu,Joseph,19,STL,https://assets.nhle.com/mugs/nhl/20242025/STL/8478472.png,71,R,57,82,139,377,14
8479385,Jordan,Kyrou,19,STL,https://assets.nhle.com/mugs/nhl/20242025/STL/8479385.png,25,C,123,161,284,360,-35
8482089,Jake,Neighbours,19,STL,https://assets.nhle.com/mugs/nhl/20242025/STL/8482089.png,63,L,42,20,62,155,-46
8476438,Brandon,Saad,19,STL,https://assets.nhle.com/mugs/nhl/20242025/STL/8476438.png,20,L,257,252,509,886,50
8475170,Brayden,Schenn,19,STL,https://assets.nhle.com/mugs/nhl/20242025/STL/8475170.png,10,C,264,384,648,966,-50
8476897,Oskar,Sundqvist,19,STL,https://assets.nhle.com/mugs/nhl/20242025/STL/8476897.png,70,C,58,89,147,443,-20
8480074,Alexandre,Texier,19,STL,https://assets.nhle.com/mugs/nhl/20242025/STL/8480074.png,9,C,35,47,82,214,-18
8480023,Robert,Thomas,19,STL,https://assets.nhle.com/mugs/nhl/20242025/STL/8480023.png,18,C,89,238,327,410,24
8480281,Alexey,Toropchenko,19,STL,https://assets.nhle.com/mugs/nhl/20242025/STL/8480281.png,13,R,27,19,46,203,-9
8477573,Nathan,Walker,19,STL,https://assets.nhle.com/mugs/nhl/20242025/STL/8477573.png,26,L,23,22,45,176,3
8481598,Philip,Broberg,19,STL,https://assets.nhle.com/mugs/nhl/20242025/STL/8481598.png,6,D,4,19,23,95,1
8475753,Justin,Faulk,19,STL,https://assets.nhle.com/mugs/nhl/20242025/STL/8475753.png,72,D,127,306,433,927,-64
8480058,Pierre-Olivier,Joseph,19,STL,https://assets.nhle.com/mugs/nhl/20242025/STL/8480058.png,77,D,8,31,39,166,-3
8482516,Matthew,Kessel,19,STL,https://assets.nhle.com/mugs/nhl/20242025/STL/8482516.png,51,D,1,9,10,63,-4
8475181,Nick,Leddy,19,STL,https://assets.nhle.com/mugs/nhl/20242025/STL/8475181.png,4,D,73,338,411,1015,-45
8476892,Colton,Parayko,19,STL,https://assets.nhle.com/mugs/nhl/20242025/STL/8476892.png,55,D,65,206,271,685,49
8481059,Scott,Perunovich,19,STL,https://assets.nhle.com/mugs/nhl/20242025/STL/8481059.png,48,D,2,27,29,89,7
8470600,Ryan,Suter,19,STL,https://assets.nhle.com/mugs/nhl/20242025/STL/8470600.png,22,D,106,580,686,1470,118
8476412,Jordan,Binnington,19,STL,https://assets.nhle.com/mugs/nhl/20242025/STL/8476412.png,50,G,0,7,0,299,0
8480981,Joel,Hofer,19,STL,https://assets.nhle.com/mugs/nhl/20242025/STL/8480981.png,30,G,0,3,0,46,0
8474150,Mikael,Backlund,20,CGY,https://assets.nhle.com/mugs/nhl/20242025/CGY/8474150.png,11,C,204,339,543,1016,68
8476399,Blake,Coleman,20,CGY,https://assets.nhle.com/mugs/nhl/20242025/CGY/8476399.png,20,C,140,122,262,568,38
8482679,Matt,Coronato,20,CGY,https://assets.nhle.com/mugs/nhl/20242025/CGY/8482679.png,27,R,9,10,19,56,-5
8482652,Walker,Duehr,20,CGY,https://assets.nhle.com/mugs/nhl/20242025/CGY/8482652.png,71,R,9,9,18,69,-3
8476456,Jonathan,Huberdeau,20,CGY,https://assets.nhle.com/mugs/nhl/20242025/CGY/8476456.png,10,C,233,502,735,857,7
8475172,Nazem,Kadri,20,CGY,https://assets.nhle.com/mugs/nhl/20242025/CGY/8475172.png,91,C,280,379,659,929,-45
8477993,Justin,Kirkland,20,CGY,https://assets.nhle.com/mugs/nhl/20242025/CGY/8477993.png,58,C,2,6,8,30,3
8483808,Andrei,Kuzmenko,20,CGY,https://assets.nhle.com/mugs/nhl/20242025/CGY/8483808.png,96,L,62,67,129,178,-4
8479066,Ryan,Lomberg,20,CGY,https://assets.nhle.com/mugs/nhl/20242025/CGY/8479066.png,70,L,28,24,52,283,3
8477511,Anthony,Mantha,20,CGY,https://assets.nhle.com/mugs/nhl/20242025/CGY/8477511.png,39,R,146,157,303,507,-13
8481028,Martin,Pospisil,20,CGY,https://assets.nhle.com/mugs/nhl/20242025/CGY/8481028.png,76,C,10,24,34,89,15
8479291,Kevin,Rooney,20,CGY,https://assets.nhle.com/mugs/nhl/20242025/CGY/8479291.png,21,C,29,23,52,278,-4
8481068,Yegor,Sharangovich,20,CGY,https://assets.nhle.com/mugs/nhl/20242025/CGY/8481068.png,17,C,90,83,173,306,-55
8482074,Connor,Zary,20,CGY,https://assets.nhle.com/mugs/nhl/20242025/CGY/8482074.png,47,C,19,27,46,89,5
8478397,Rasmus,Andersson,20,CGY,https://assets.nhle.com/mugs/nhl/20242025/CGY/8478397.png,4,D,42,173,215,481,27
8480860,Kevin,Bahl,20,CGY,https://assets.nhle.com/mugs/nhl/20242025/CGY/8480860.png,7,D,5,29,34,174,5
8475197,Tyson,Barrie,20,CGY,https://assets.nhle.com/mugs/nhl/20242025/CGY/8475197.png,8,D,110,397,507,818,-78
8479402,Jake,Bean,20,CGY,https://assets.nhle.com/mugs/nhl/20242025/CGY/8479402.png,24,D,14,45,59,210,-21
8477810,Joel,Hanley,20,CGY,https://assets.nhle.com/mugs/nhl/20242025/CGY/8477810.png,44,D,3,26,29,199,-4
8482624,Daniil,Miromanov,20,CGY,https://assets.nhle.com/mugs/nhl/20242025/CGY/8482624.png,62,D,6,12,18,73,-7
8481167,Brayden,Pachal,20,CGY,https://assets.nhle.com/mugs/nhl/20242025/CGY/8481167.png,94,D,2,8,10,88,-7
8477346,MacKenzie,Weegar,20,CGY,https://assets.nhle.com/mugs/nhl/20242025/CGY/8477346.png,52,D,54,164,218,495,95
8478435,Dan,Vladar,20,CGY,https://assets.nhle.com/mugs/nhl/20242025/CGY/8478435.png,80,G,0,2,0,88,0
8481692,Dustin,Wolf,20,CGY,https://assets.nhle.com/mugs/nhl/20242025/CGY/8481692.png,32,G,0,2,0,31,0
8479525,Ross,Colton,21,COL,https://assets.nhle.com/mugs/nhl/20242025/COL/8479525.png,20,C,72,60,132,280,-11
8477494,Jonathan,Drouin,21,COL,https://assets.nhle.com/mugs/nhl/20242025/COL/8477494.png,27,L,98,243,341,569,-76
8483930,Ivan,Ivan,21,COL,https://assets.nhle.com/mugs/nhl/20242025/COL/8483930.png,82,C,5,3,8,26,-7
8480448,Parker,Kelly,21,COL,https://assets.nhle.com/mugs/nhl/20242025/COL/8480448.png,17,C,18,21,39,203,-29
8481641,Joel,Kiviranta,21,COL,https://assets.nhle.com/mugs/nhl/20242025/COL/8481641.png,94,L,24,19,43,245,-11
8481042,Nikolai,Kovalenko,21,COL,https://assets.nhle.com/mugs/nhl/20242025/COL/8481042.png,51,R,4,4,8,26,-6
8477476,Artturi,Lehkonen,21,COL,https://assets.nhle.com/mugs/nhl/20242025/COL/8477476.png,62,L,122,131,253,535,17
8477492,Nathan,MacKinnon,21,COL,https://assets.nhle.com/mugs/nhl/20242025/COL/8477492.png,29,C,344,594,938,817,148
8479999,Casey,Mittelstadt,21,COL,https://assets.nhle.com/mugs/nhl/20242025/COL/8479999.png,37,C,73,141,214,383,-62
8477501,Valeri,Nichushkin,21,COL,https://assets.nhle.com/mugs/nhl/20242025/COL/8477501.png,13,R,119,161,280,521,86
8481186,Logan,O'Connor,21,COL,https://assets.nhle.com/mugs/nhl/20242025/COL/8481186.png,25,R,38,50,88,289,34
8485105,Nikita,Prishchepov,21,COL,https://assets.nhle.com/mugs/nhl/20242025/COL/8485105.png,85,C,0,0,0,8,-1
8478420,Mikko,Rantanen,21,COL,https://assets.nhle.com/mugs/nhl/20242025/COL/8478420.png,96,R,277,375,652,596,77
8475780,Chris,Wagner,21,COL,https://assets.nhle.com/mugs/nhl/20242025/COL/8475780.png,14,R,39,27,66,388,-30
8477425,Miles,Wood,21,COL,https://assets.nhle.com/mugs/nhl/20242025/COL/8477425.png,28,L,89,88,177,492,-69
8475177,Calvin,de Haan,21,COL,https://assets.nhle.com/mugs/nhl/20242025/COL/8475177.png,44,D,24,120,144,651,-9
8479398,Samuel,Girard,21,COL,https://assets.nhle.com/mugs/nhl/20242025/COL/8479398.png,49,D,33,181,214,501,0
8478430,Oliver,Kylington,21,COL,https://assets.nhle.com/mugs/nhl/20242025/COL/8478430.png,58,D,18,39,57,209,22
8481206,John,Ludvig,21,COL,https://assets.nhle.com/mugs/nhl/20242025/COL/8481206.png,3,D,3,4,7,40,-15
8480069,Cale,Makar,21,COL,https://assets.nhle.com/mugs/nhl/20242025/COL/8480069.png,8,D,94,274,368,341,107
8484258,Sam,Malinski,21,COL,https://assets.nhle.com/mugs/nhl/20242025/COL/8484258.png,70,D,4,10,14,49,-1
8476312,Josh,Manson,21,COL,https://assets.nhle.com/mugs/nhl/20242025/COL/8476312.png,42,D,39,122,161,602,42
8479387,Keaton,Middleton,21,COL,https://assets.nhle.com/mugs/nhl/20242025/COL/8479387.png,67,D,0,0,0,3,-1
8478038,Devon,Toews,21,COL,https://assets.nhle.com/mugs/nhl/20242025/COL/8478038.png,7,D,53,189,242,419,152
8480382,Alexandar,Georgiev,21,COL,https://assets.nhle.com/mugs/nhl/20242025/COL/8480382.png,40,G,0,8,0,271,0
8475809,Scott,Wedgewood,21,COL,https://assets.nhle.com/mugs/nhl/20242025/COL/8475809.png,41,G,0,0,0,136,0
8478042,Viktor,Arvidsson,22,EDM,https://assets.nhle.com/mugs/nhl/20242025/EDM/8478042.png,33,L,181,186,367,562,48
8477015,Connor,Brown,22,EDM,https://assets.nhle.com/mugs/nhl/20242025/EDM/8477015.png,28,R,97,139,236,544,-18
8477934,Leon,Draisaitl,22,EDM,https://assets.nhle.com/mugs/nhl/20242025/EDM/8477934.png,29,C,364,518,882,744,66
8474641,Adam,Henrique,22,EDM,https://assets.nhle.com/mugs/nhl/20242025/EDM/8474641.png,19,C,265,272,537,937,-8
8475786,Zach,Hyman,22,EDM,https://assets.nhle.com/mugs/nhl/20242025/EDM/8475786.png,18,L,206,201,407,600,112
8477406,Mattias,Janmark,22,EDM,https://assets.nhle.com/mugs/nhl/20242025/EDM/8477406.png,13,C,81,124,205,582,-9
8477953,Kasperi,Kapanen,22,EDM,https://assets.nhle.com/mugs/nhl/20242025/EDM/8477953.png,42,R,86,125,211,475,3
8478402,Connor,McDavid,22,EDM,https://assets.nhle.com/mugs/nhl/20242025/EDM/8478402.png,97,C,347,666,1013,667,154
8476454,Ryan,Nugent-Hopkins,22,EDM,https://assets.nhle.com/mugs/nhl/20242025/EDM/8476454.png,93,C,255,456,711,906,-24
8470621,Corey,Perry,22,EDM,https://assets.nhle.com/mugs/nhl/20242025/EDM/8470621.png,90,R,433,479,912,1336,43
8481617,Vasily,Podkolzin,22,EDM,https://assets.nhle.com/mugs/nhl/20242025/EDM/8481617.png,92,R,21,22,43,162,-1
8478585,Derek,Ryan,22,EDM,https://assets.nhle.com/mugs/nhl/20242025/EDM/8478585.png,10,C,81,124,205,593,14
8475784,Jeff,Skinner,22,EDM,https://assets.nhle.com/mugs/nhl/20242025/EDM/8475784.png,53,C,361,317,678,1031,-139
8480803,Evan,Bouchard,22,EDM,https://assets.nhle.com/mugs/nhl/20242025/EDM/8480803.png,2,D,47,142,189,290,46
8478408,Travis,Dermott,22,EDM,https://assets.nhle.com/mugs/nhl/20242025/EDM/8478408.png,24,D,16,46,62,339,12
8475218,Mattias,Ekholm,22,EDM,https://assets.nhle.com/mugs/nhl/20242025/EDM/8475218.png,14,D,79,258,337,844,180
8480834,Ty,Emberson,22,EDM,https://assets.nhle.com/mugs/nhl/20242025/EDM/8480834.png,49,D,1,11,12,53,-8
8476967,Brett,Kulak,22,EDM,https://assets.nhle.com/mugs/nhl/20242025/EDM/8476967.png,27,D,26,83,109,523,15
8477498,Darnell,Nurse,22,EDM,https://assets.nhle.com/mugs/nhl/20242025/EDM/8477498.png,25,D,79,198,277,662,71
8479442,Troy,Stecher,22,EDM,https://assets.nhle.com/mugs/nhl/20242025/EDM/8479442.png,51,D,19,94,113,515,-24
8475717,Calvin,Pickard,22,EDM,https://assets.nhle.com/mugs/nhl/20242025/EDM/8475717.png,30,G,0,3,0,148,0
8479973,Stuart,Skinner,22,EDM,https://assets.nhle.com/mugs/nhl/20242025/EDM/8479973.png,74,G,0,2,0,140,0
8476927,Teddy,Blueger,23,VAN,https://assets.nhle.com/mugs/nhl/20242025/VAN/8476927.png,53,C,45,91,136,360,26
8478444,Brock,Boeser,23,VAN,https://assets.nhle.com/mugs/nhl/20242025/VAN/8478444.png,6,R,185,213,398,496,-9
8478498,Jake,DeBrusk,23,VAN,https://assets.nhle.com/mugs/nhl/20242025/VAN/8478498.png,74,L,149,137,286,489,57
8478856,Conor,Garland,23,VAN,https://assets.nhle.com/mugs/nhl/20242025/VAN/8478856.png,8,R,111,152,263,428,34
8478046,Danton,Heinen,23,VAN,https://assets.nhle.com/mugs/nhl/20242025/VAN/8478046.png,20,L,90,132,222,511,28
8481535,Nils,Hoglander,23,VAN,https://assets.nhle.com/mugs/nhl/20242025/VAN/8481535.png,21,L,52,43,95,245,4
8478057,Dakota,Joshua,23,VAN,https://assets.nhle.com/mugs/nhl/20242025/VAN/8478057.png,81,C,33,33,66,194,2
8480012,Elias,Pettersson,23,VAN,https://assets.nhle.com/mugs/nhl/20242025/VAN/8480012.png,40,C,177,258,435,431,58
8482691,Aatu,Raty,23,VAN,https://assets.nhle.com/mugs/nhl/20242025/VAN/8482691.png,54,C,4,2,6,32,-3
8480748,Kiefer,Sherwood,23,VAN,https://assets.nhle.com/mugs/nhl/20242025/VAN/8480748.png,44,L,30,40,70,211,31
8480459,Pius,Suter,23,VAN,https://assets.nhle.com/mugs/nhl/20242025/VAN/8480459.png,24,C,66,64,130,306,-1
8480073,Erik,Brannstrom,23,VAN,https://assets.nhle.com/mugs/nhl/20242025/VAN/8480073.png,26,D,10,66,76,287,-12
8479576,Vincent,Desharnais,23,VAN,https://assets.nhle.com/mugs/nhl/20242025/VAN/8479576.png,73,D,1,16,17,128,14
8475762,Derek,Forbort,23,VAN,https://assets.nhle.com/mugs/nhl/20242025/VAN/8475762.png,27,D,17,79,96,500,28
8478017,Mark,Friedman,23,VAN,https://assets.nhle.com/mugs/nhl/20242025/VAN/8478017.png,51,D,4,9,13,88,7
8479425,Filip,Hronek,23,VAN,https://assets.nhle.com/mugs/nhl/20242025/VAN/8479425.png,17,D,36,178,214,411,-41
8480800,Quinn,Hughes,23,VAN,https://assets.nhle.com/mugs/nhl/20242025/VAN/8480800.png,43,D,49,313,362,389,34
8478454,Noah,Juulsen,23,VAN,https://assets.nhle.com/mugs/nhl/20242025/VAN/8478454.png,47,D,3,14,17,135,-7
8474574,Tyler,Myers,23,VAN,https://assets.nhle.com/mugs/nhl/20242025/VAN/8474574.png,57,D,94,282,376,1019,2
8477369,Carson,Soucy,23,VAN,https://assets.nhle.com/mugs/nhl/20242025/VAN/8477369.png,7,D,23,54,77,314,68
8480947,Kevin,Lankinen,23,VAN,https://assets.nhle.com/mugs/nhl/20242025/VAN/8480947.png,32,G,0,4,0,130,0
8481668,Arturs,Silovs,23,VAN,https://assets.nhle.com/mugs/nhl/20242025/VAN/8481668.png,31,G,0,0,0,16,0
8484153,Leo,Carlsson,24,ANA,https://assets.nhle.com/mugs/nhl/20242025/ANA/8484153.png,91,C,18,22,40,75,-11
8482118,Sam,Colangelo,24,ANA,https://assets.nhle.com/mugs/nhl/20242025/ANA/8482118.png,64,R,1,0,1,8,-2
8477952,Robby,Fabbri,24,ANA,https://assets.nhle.com/mugs/nhl/20242025/ANA/8477952.png,13,C,100,102,202,412,-95
8483445,Cutter,Gauthier,24,ANA,https://assets.nhle.com/mugs/nhl/20242025/ANA/8483445.png,61,L,3,8,11,24,-2
8478424,Jansen,Harkins,24,ANA,https://assets.nhle.com/mugs/nhl/20242025/ANA/8478424.png,38,C,13,19,32,209,-14
8477527,Ross,Johnston,24,ANA,https://assets.nhle.com/mugs/nhl/20242025/ANA/8477527.png,44,L,11,21,32,219,-14
8473986,Alex,Killorn,24,ANA,https://assets.nhle.com/mugs/nhl/20242025/ANA/8473986.png,17,L,220,292,512,891,85
8481517,Brett,Leason,24,ANA,https://assets.nhle.com/mugs/nhl/20242025/ANA/8481517.png,20,R,23,23,46,176,-24
8480806,Isac,Lundestrom,24,ANA,https://assets.nhle.com/mugs/nhl/20242025/ANA/8480806.png,21,C,34,40,74,279,-27
8476934,Brock,McGinn,24,ANA,https://assets.nhle.com/mugs/nhl/20242025/ANA/8476934.png,26,L,79,77,156,525,-42
8482745,Mason,McTavish,24,ANA,https://assets.nhle.com/mugs/nhl/20242025/ANA/8482745.png,23,C,40,57,97,170,-46
8476458,Ryan,Strome,24,ANA,https://assets.nhle.com/mugs/nhl/20242025/ANA/8476458.png,16,C,161,290,451,805,-6
8478873,Troy,Terry,24,ANA,https://assets.nhle.com/mugs/nhl/20242025/ANA/8478873.png,19,R,101,148,249,373,-25
8478366,Frank,Vatrano,24,ANA,https://assets.nhle.com/mugs/nhl/20242025/ANA/8478366.png,77,R,166,117,283,586,-55
8481533,Trevor,Zegras,24,ANA,https://assets.nhle.com/mugs/nhl/20242025/ANA/8481533.png,11,C,59,105,164,234,-46
8475208,Brian,Dumoulin,24,ANA,https://assets.nhle.com/mugs/nhl/20242025/ANA/8475208.png,6,D,25,136,161,649,100
8475764,Cam,Fowler,24,ANA,https://assets.nhle.com/mugs/nhl/20242025/ANA/8475764.png,4,D,96,359,455,986,-121
8475462,Radko,Gudas,24,ANA,https://assets.nhle.com/mugs/nhl/20242025/ANA/8475462.png,7,D,39,146,185,771,84
8481563,Drew,Helleson,24,ANA,https://assets.nhle.com/mugs/nhl/20242025/ANA/8481563.png,43,D,2,3,5,11,2
8481605,Jackson,LaCombe,24,ANA,https://assets.nhle.com/mugs/nhl/20242025/ANA/8481605.png,2,D,5,17,22,90,-25
8483490,Pavel,Mintyukov,24,ANA,https://assets.nhle.com/mugs/nhl/20242025/ANA/8483490.png,34,D,7,27,34,85,-26
8480001,Urho,Vaakanainen,24,ANA,https://assets.nhle.com/mugs/nhl/20242025/ANA/8480001.png,5,D,1,24,25,141,-23
8482803,Olen,Zellweger,24,ANA,https://assets.nhle.com/mugs/nhl/20242025/ANA/8482803.png,51,D,6,13,19,48,-3
8480843,Lukas,Dostal,24,ANA,https://assets.nhle.com/mugs/nhl/20242025/ANA/8480843.png,1,G,0,0,0,82,0
8476434,John,Gibson,24,ANA,https://assets.nhle.com/mugs/nhl/20242025/ANA/8476434.png,36,G,0,6,0,483,0
8473994,Jamie,Benn,25,DAL,https://assets.nhle.com/mugs/nhl/20242025/DAL/8473994.png,14,L,389,532,921,1136,75
8476278,Colin,Blackwell,25,DAL,https://assets.nhle.com/mugs/nhl/20242025/DAL/8476278.png,15,C,37,42,79,254,-11
8482145,Mavrik,Bourque,25,DAL,https://assets.nhle.com/mugs/nhl/20242025/DAL/8482145.png,22,C,1,3,4,20,1
8480840,Oskar,Bäck,25,DAL,https://assets.nhle.com/mugs/nhl/20242025/DAL/8480840.png,10,C,1,3,4,19,2
8474149,Evgenii,Dadonov,25,DAL,https://assets.nhle.com/mugs/nhl/20242025/DAL/8474149.png,63,R,150,181,331,561,-21
8475168,Matt,Duchene,25,DAL,https://assets.nhle.com/mugs/nhl/20242025/DAL/8475168.png,95,C,353,484,837,1080,-64
8478449,Roope,Hintz,25,DAL,https://assets.nhle.com/mugs/nhl/20242025/DAL/8478449.png,24,C,157,168,325,415,78
8482740,Wyatt,Johnston,25,DAL,https://assets.nhle.com/mugs/nhl/20242025/DAL/8482740.png,53,C,60,60,120,188,20
8478975,Mason,Marchment,25,DAL,https://assets.nhle.com/mugs/nhl/20242025/DAL/8478975.png,27,L,64,102,166,263,63
8480027,Jason,Robertson,25,DAL,https://assets.nhle.com/mugs/nhl/20242025/DAL/8480027.png,21,L,138,190,328,316,87
8475794,Tyler,Seguin,25,DAL,https://assets.nhle.com/mugs/nhl/20242025/DAL/8475794.png,91,C,360,448,808,988,88
8482702,Logan,Stankoven,25,DAL,https://assets.nhle.com/mugs/nhl/20242025/DAL/8482702.png,11,C,10,19,29,46,14
8479351,Sam,Steel,25,DAL,https://assets.nhle.com/mugs/nhl/20242025/DAL/8479351.png,18,C,45,82,127,362,-27
8476856,Mathew,Dumba,25,DAL,https://assets.nhle.com/mugs/nhl/20242025/DAL/8476856.png,3,D,83,166,249,690,8
8481581,Thomas,Harley,25,DAL,https://assets.nhle.com/mugs/nhl/20242025/DAL/8481581.png,55,D,18,47,65,143,44
8480036,Miro,Heiskanen,25,DAL,https://assets.nhle.com/mugs/nhl/20242025/DAL/8480036.png,4,D,57,214,271,449,23
8476902,Esa,Lindell,25,DAL,https://assets.nhle.com/mugs/nhl/20242025/DAL/8476902.png,23,D,51,149,200,628,109
8480878,Nils,Lundkvist,25,DAL,https://assets.nhle.com/mugs/nhl/20242025/DAL/8480878.png,5,D,9,31,40,162,16
8480950,Ilya,Lyubushkin,25,DAL,https://assets.nhle.com/mugs/nhl/20242025/DAL/8480950.png,46,D,5,48,53,377,-25
8474090,Brendan,Smith,25,DAL,https://assets.nhle.com/mugs/nhl/20242025/DAL/8474090.png,2,D,38,103,141,706,-8
8479193,Casey,DeSmith,25,DAL,https://assets.nhle.com/mugs/nhl/20242025/DAL/8479193.png,1,G,0,2,0,171,0
8479979,Jake,Oettinger,25,DAL,https://assets.nhle.com/mugs/nhl/20242025/DAL/8479979.png,29,G,0,5,0,210,0
8482124,Quinton,Byfield,26,LAK,https://assets.nhle.com/mugs/nhl/20242025/LAK/8482124.png,55,R,31,68,99,204,23
8476479,Phillip,Danault,26,LAK,https://assets.nhle.com/mugs/nhl/20242025/LAK/8476479.png,24,C,119,245,364,656,65
8477942,Kevin,Fiala,26,LAK,https://assets.nhle.com/mugs/nhl/20242025/LAK/8477942.png,22,L,185,259,444,594,14
8477998,Warren,Foegele,26,LAK,https://assets.nhle.com/mugs/nhl/20242025/LAK/8477998.png,37,L,86,88,174,456,7
8479661,Tanner,Jeannot,26,LAK,https://assets.nhle.com/mugs/nhl/20242025/LAK/8479661.png,10,L,44,39,83,249,-11
8481560,Arthur,Kaliyev,26,LAK,https://assets.nhle.com/mugs/nhl/20242025/LAK/8481560.png,34,R,35,36,71,188,-12
8477960,Adrian,Kempe,26,LAK,https://assets.nhle.com/mugs/nhl/20242025/LAK/8477960.png,9,R,171,181,352,574,13
8471685,Anze,Kopitar,26,LAK,https://assets.nhle.com/mugs/nhl/20242025/LAK/8471685.png,11,C,427,813,1240,1398,104
8482155,Alex,Laferriere,26,LAK,https://assets.nhle.com/mugs/nhl/20242025/LAK/8482155.png,14,R,23,20,43,106,-3
8481732,Andre,Lee,26,LAK,https://assets.nhle.com/mugs/nhl/20242025/LAK/8481732.png,47,L,0,2,2,16,-5
8473453,Trevor,Lewis,26,LAK,https://assets.nhle.com/mugs/nhl/20242025/LAK/8473453.png,61,C,101,131,232,999,-34
8479675,Trevor,Moore,26,LAK,https://assets.nhle.com/mugs/nhl/20242025/LAK/8479675.png,12,L,80,110,190,369,19
8480851,Akil,Thomas,26,LAK,https://assets.nhle.com/mugs/nhl/20242025/LAK/8480851.png,26,C,4,2,6,17,0
8481532,Alex,Turcotte,26,LAK,https://assets.nhle.com/mugs/nhl/20242025/LAK/8481532.png,15,C,3,9,12,52,14
8479998,Mikey,Anderson,26,LAK,https://assets.nhle.com/mugs/nhl/20242025/LAK/8479998.png,44,D,14,51,65,293,60
8477335,Kyle,Burroughs,26,LAK,https://assets.nhle.com/mugs/nhl/20242025/LAK/8477335.png,7,D,5,15,20,176,-46
8482730,Brandt,Clarke,26,LAK,https://assets.nhle.com/mugs/nhl/20242025/LAK/8482730.png,92,D,5,19,24,50,-1
8474563,Drew,Doughty,26,LAK,https://assets.nhle.com/mugs/nhl/20242025/LAK/8474563.png,8,D,156,513,669,1177,60
8476441,Joel,Edmundson,26,LAK,https://assets.nhle.com/mugs/nhl/20242025/LAK/8476441.png,6,D,32,85,117,553,28
8477971,Andreas,Englund,26,LAK,https://assets.nhle.com/mugs/nhl/20242025/LAK/8477971.png,5,D,2,16,18,170,-17
8478882,Vladislav,Gavrikov,26,LAK,https://assets.nhle.com/mugs/nhl/20242025/LAK/8478882.png,84,D,26,90,116,378,10
8478452,Caleb,Jones,26,LAK,https://assets.nhle.com/mugs/nhl/20242025/LAK/8478452.png,82,D,14,41,55,247,-37
8481606,Jordan,Spence,26,LAK,https://assets.nhle.com/mugs/nhl/20242025/LAK/8481606.png,21,D,5,33,38,125,7
8475311,Darcy,Kuemper,26,LAK,https://assets.nhle.com/mugs/nhl/20242025/LAK/8475311.png,35,G,0,5,0,399,0
8479496,David,Rittich,26,LAK,https://assets.nhle.com/mugs/nhl/20242025/LAK/8479496.png,31,G,0,1,0,212,0
8482206,Ethan,Cardwell,28,SJS,https://assets.nhle.com/mugs/nhl/20242025/SJS/8482206.png,56,R,1,0,1,5,-2
8484801,Macklin,Celebrini,28,SJS,https://assets.nhle.com/mugs/nhl/20242025/SJS/8484801.png,71,C,8,7,15,16,-2
8474053,Logan,Couture,28,SJS,https://assets.nhle.com/mugs/nhl/20242025/SJS/8474053.png,39,C,323,378,701,933,-1
8480848,Ty,Dellandrea,28,SJS,https://assets.nhle.com/mugs/nhl/20242025/SJS/8480848.png,53,C,15,31,46,175,-8
8482667,William,Eklund,28,SJS,https://assets.nhle.com/mugs/nhl/20242025/SJS/8482667.png,72,L,23,52,75,124,-51
8476624,Barclay,Goodrow,28,SJS,https://assets.nhle.com/mugs/nhl/20242025/SJS/8476624.png,23,R,62,109,171,597,6
8475798,Mikael,Granlund,28,SJS,https://assets.nhle.com/mugs/nhl/20242025/SJS/8475798.png,64,C,167,406,573,845,-26
8479336,Carl,Grundstrom,28,SJS,https://assets.nhle.com/mugs/nhl/20242025/SJS/8479336.png,91,R,40,31,71,259,-17
8480011,Klim,Kostin,28,SJS,https://assets.nhle.com/mugs/nhl/20242025/SJS/8480011.png,10,C,25,25,50,171,-5
8479316,Luke,Kunin,28,SJS,https://assets.nhle.com/mugs/nhl/20242025/SJS/8479316.png,11,C,68,66,134,387,-73
8479379,Givani,Smith,28,SJS,https://assets.nhle.com/mugs/nhl/20242025/SJS/8479379.png,54,R,9,13,22,161,-29
8484227,Will,Smith,28,SJS,https://assets.nhle.com/mugs/nhl/20242025/SJS/8484227.png,2,C,5,6,11,23,-7
8481477,Nico,Sturm,28,SJS,https://assets.nhle.com/mugs/nhl/20242025/SJS/8481477.png,7,C,43,43,86,292,-34
8475726,Tyler,Toffoli,28,SJS,https://assets.nhle.com/mugs/nhl/20242025/SJS/8475726.png,73,C,270,269,539,840,79
8477505,Alexander,Wennberg,28,SJS,https://assets.nhle.com/mugs/nhl/20242025/SJS/8477505.png,21,C,97,252,349,740,-27
8480188,Fabian,Zetterlund,28,SJS,https://assets.nhle.com/mugs/nhl/20242025/SJS/8480188.png,20,L,42,52,94,191,-26
8476879,Cody,Ceci,28,SJS,https://assets.nhle.com/mugs/nhl/20242025/SJS/8476879.png,4,D,49,168,217,814,-7
8479983,Mario,Ferraro,28,SJS,https://assets.nhle.com/mugs/nhl/20242025/SJS/8479983.png,38,D,14,66,80,358,-105
8480043,Timothy,Liljegren,28,SJS,https://assets.nhle.com/mugs/nhl/20242025/SJS/8480043.png,37,D,17,53,70,213,39
8480172,Jan,Rutta,28,SJS,https://assets.nhle.com/mugs/nhl/20242025/SJS/8480172.png,84,D,20,71,91,391,23
8482144,Jack,Thompson,28,SJS,https://assets.nhle.com/mugs/nhl/20242025/SJS/8482144.png,26,D,2,3,5,16,-8
8481567,Henry,Thrun,28,SJS,https://assets.nhle.com/mugs/nhl/20242025/SJS/8481567.png,3,D,3,18,21,84,-28
8478013,Jake,Walman,28,SJS,https://assets.nhle.com/mugs/nhl/20242025/SJS/8478013.png,96,D,29,41,70,225,8
8478406,Mackenzie,Blackwood,28,SJS,https://assets.nhle.com/mugs/nhl/20242025/SJS/8478406.png,29,G,0,1,0,213,0
8477970,Vitek,Vanecek,28,SJS,https://assets.nhle.com/mugs/nhl/20242025/SJS/8477970.png,41,G,0,5,0,174,0
8479944,Zachary,Aston-Reese,29,CBJ,https://assets.nhle.com/mugs/nhl/20242025/CBJ/8479944.png,27,C,46,42,88,333,35
8484149,Gavin,Brindley,29,CBJ,https://assets.nhle.com/mugs/nhl/20242025/CBJ/8484149.png,45,C,0,0,0,1,0
8482475,Yegor,Chinakhov,29,CBJ,https://assets.nhle.com/mugs/nhl/20242025/CBJ/8482475.png,59,R,34,36,70,166,-34
8479941,Justin,Danforth,29,CBJ,https://assets.nhle.com/mugs/nhl/20242025/CBJ/8479941.png,17,R,25,26,51,143,-24
8484166,Adam,Fantilli,29,CBJ,https://assets.nhle.com/mugs/nhl/20242025/CBJ/8484166.png,19,C,17,22,39,73,-22
8476432,Boone,Jenner,29,CBJ,https://assets.nhle.com/mugs/nhl/20242025/CBJ/8476432.png,38,C,192,172,364,715,-67
8482660,Kent,Johnson,29,CBJ,https://assets.nhle.com/mugs/nhl/20242025/CBJ/8482660.png,91,C,28,43,71,140,-19
8476374,Sean,Kuraly,29,CBJ,https://assets.nhle.com/mugs/nhl/20242025/CBJ/8476374.png,7,C,60,82,142,504,-39
8478099,Kevin,Labanc,29,CBJ,https://assets.nhle.com/mugs/nhl/20242025/CBJ/8478099.png,62,R,83,152,235,497,-82
8480893,Kirill,Marchenko,29,CBJ,https://assets.nhle.com/mugs/nhl/20242025/CBJ/8480893.png,86,R,54,37,91,161,-13
8477497,Sean,Monahan,29,CBJ,https://assets.nhle.com/mugs/nhl/20242025/CBJ/8477497.png,23,C,252,308,560,788,-41
8479671,Mathieu,Olivier,29,CBJ,https://assets.nhle.com/mugs/nhl/20242025/CBJ/8479671.png,24,R,20,24,44,192,-30
8482451,Mikael,Pyyhtia,29,CBJ,https://assets.nhle.com/mugs/nhl/20242025/CBJ/8482451.png,82,L,1,3,4,36,-13
8482705,Cole,Sillinger,29,CBJ,https://assets.nhle.com/mugs/nhl/20242025/CBJ/8482705.png,4,C,35,54,89,243,-53
8474037,James,van Riemsdyk,29,CBJ,https://assets.nhle.com/mugs/nhl/20242025/CBJ/8474037.png,21,L,314,320,634,1029,-69
8481716,Dmitri,Voronkov,29,CBJ,https://assets.nhle.com/mugs/nhl/20242025/CBJ/8481716.png,10,L,24,21,45,90,-1
8481161,Jake,Christiansen,29,CBJ,https://assets.nhle.com/mugs/nhl/20242025/CBJ/8481161.png,2,D,1,11,12,68,-13
8479371,Dante,Fabbro,29,CBJ,https://assets.nhle.com/mugs/nhl/20242025/CBJ/8479371.png,15,D,19,59,78,325,20
8475790,Erik,Gudbranson,29,CBJ,https://assets.nhle.com/mugs/nhl/20242025/CBJ/8475790.png,44,D,34,99,133,792,-125
8480887,Jordan,Harris,29,CBJ,https://assets.nhle.com/mugs/nhl/20242025/CBJ/8480887.png,22,D,8,24,32,146,-9
8471677,Jack,Johnson,29,CBJ,https://assets.nhle.com/mugs/nhl/20242025/CBJ/8471677.png,3,D,77,260,337,1202,-118
8478500,Ivan,Provorov,29,CBJ,https://assets.nhle.com/mugs/nhl/20242025/CBJ/8478500.png,9,D,72,185,257,638,-36
8476923,Damon,Severson,29,CBJ,https://assets.nhle.com/mugs/nhl/20242025/CBJ/8476923.png,78,D,71,233,304,738,-123
8478460,Zach,Werenski,29,CBJ,https://assets.nhle.com/mugs/nhl/20242025/CBJ/8478460.png,8,D,98,230,328,510,3
8478007,Elvis,Merzlikins,29,CBJ,https://assets.nhle.com/mugs/nhl/20242025/CBJ/8478007.png,90,G,0,4,0,207,0
8480193,Daniil,Tarasov,29,CBJ,https://assets.nhle.com/mugs/nhl/20242025/CBJ/8480193.png,40,G,0,2,0,53,0
8481557,Matt,Boldy,30,MIN,https://assets.nhle.com/mugs/nhl/20242025/MIN/8481557.png,12,L,86,109,195,228,32
8478493,Joel,Eriksson Ek,30,MIN,https://assets.nhle.com/mugs/nhl/20242025/MIN/8478493.png,14,C,127,156,283,520,67
8475220,Marcus,Foligno,30,MIN,https://assets.nhle.com/mugs/nhl/20242025/MIN/8475220.png,17,L,130,173,303,823,48
8477919,Frederick,Gaudreau,30,MIN,https://assets.nhle.com/mugs/nhl/20242025/MIN/8477919.png,89,C,48,81,129,353,20
8477451,Ryan,Hartman,30,MIN,https://assets.nhle.com/mugs/nhl/20242025/MIN/8477451.png,38,R,132,153,285,600,59
8475149,Marcus,Johansson,30,MIN,https://assets.nhle.com/mugs/nhl/20242025/MIN/8475149.png,90,C,177,315,492,935,-64
8480259,Ben,Jones,30,MIN,https://assets.nhle.com/mugs/nhl/20242025/MIN/8480259.png,39,C,0,0,0,9,0
8478864,Kirill,Kaprizov,30,MIN,https://assets.nhle.com/mugs/nhl/20242025/MIN/8478864.png,97,L,176,193,369,302,71
8482177,Marat,Khusnutdinov,30,MIN,https://assets.nhle.com/mugs/nhl/20242025/MIN/8482177.png,22,C,1,5,6,38,-6
8480880,Jakub,Lauko,30,MIN,https://assets.nhle.com/mugs/nhl/20242025/MIN/8480880.png,94,C,8,13,21,104,-4
8482079,Marco,Rossi,30,MIN,https://assets.nhle.com/mugs/nhl/20242025/MIN/8482079.png,23,C,28,33,61,128,-3
8476913,Devin,Shore,30,MIN,https://assets.nhle.com/mugs/nhl/20242025/MIN/8476913.png,19,C,51,88,139,450,-52
8478508,Yakov,Trenin,30,MIN,https://assets.nhle.com/mugs/nhl/20242025/MIN/8478508.png,13,C,48,35,83,324,25
8475692,Mats,Zuccarello,30,MIN,https://assets.nhle.com/mugs/nhl/20242025/MIN/8475692.png,36,R,204,446,650,851,59
8474567,Zach,Bogosian,30,MIN,https://assets.nhle.com/mugs/nhl/20242025/MIN/8474567.png,24,D,62,169,231,873,-66
8476463,Jonas,Brodin,30,MIN,https://assets.nhle.com/mugs/nhl/20242025/MIN/8476463.png,25,D,56,192,248,822,100
8480990,Declan,Chisholm,30,MIN,https://assets.nhle.com/mugs/nhl/20242025/MIN/8480990.png,47,D,4,11,15,52,-3
8482122,Brock,Faber,30,MIN,https://assets.nhle.com/mugs/nhl/20242025/MIN/8482122.png,7,D,11,49,60,109,13
8483460,David,Jiricek,30,MIN,https://assets.nhle.com/mugs/nhl/20242025/MIN/8483460.png,55,D,1,10,11,53,-10
8475750,Jon,Merrill,30,MIN,https://assets.nhle.com/mugs/nhl/20242025/MIN/8475750.png,4,D,22,88,110,630,-7
8478136,Jake,Middleton,30,MIN,https://assets.nhle.com/mugs/nhl/20242025/MIN/8478136.png,5,D,19,51,70,264,23
8474716,Jared,Spurgeon,30,MIN,https://assets.nhle.com/mugs/nhl/20242025/MIN/8474716.png,46,D,113,281,394,886,125
8470594,Marc-Andre,Fleury,30,MIN,https://assets.nhle.com/mugs/nhl/20242025/MIN/8470594.png,29,G,0,22,0,1031,0
8479406,Filip,Gustavsson,30,MIN,https://assets.nhle.com/mugs/nhl/20242025/MIN/8479406.png,32,G,1,2,0,130,0
8478891,Mason,Appleton,52,WPG,https://assets.nhle.com/mugs/nhl/20242025/WPG/8478891.png,22,C,51,76,127,355,33
8480289,Morgan,Barron,52,WPG,https://assets.nhle.com/mugs/nhl/20242025/WPG/8480289.png,36,C,24,24,48,208,9
8478398,Kyle,Connor,52,WPG,https://assets.nhle.com/mugs/nhl/20242025/WPG/8478398.png,81,L,256,258,514,557,-20
8477940,Nikolaj,Ehlers,52,WPG,https://assets.nhle.com/mugs/nhl/20242025/WPG/8477940.png,27,L,210,272,482,629,97
8481019,David,Gustafsson,52,WPG,https://assets.nhle.com/mugs/nhl/20242025/WPG/8481019.png,19,C,4,10,14,115,-1
8480113,Alex,Iafallo,52,WPG,https://assets.nhle.com/mugs/nhl/20242025/WPG/8480113.png,9,L,100,139,239,528,18
8480845,Rasmus,Kupari,52,WPG,https://assets.nhle.com/mugs/nhl/20242025/WPG/8480845.png,15,C,11,22,33,183,-23
8483471,Brad,Lambert,52,WPG,https://assets.nhle.com/mugs/nhl/20242025/WPG/8483471.png,93,C,0,1,1,2,1
8476392,Adam,Lowry,52,WPG,https://assets.nhle.com/mugs/nhl/20242025/WPG/8476392.png,17,C,111,144,255,728,44
8476480,Vladislav,Namestnikov,52,WPG,https://assets.nhle.com/mugs/nhl/20242025/WPG/8476480.png,7,C,132,181,313,734,35
8475799,Nino,Niederreiter,52,WPG,https://assets.nhle.com/mugs/nhl/20242025/WPG/8475799.png,62,R,232,226,458,913,76
8482149,Cole,Perfetti,52,WPG,https://assets.nhle.com/mugs/nhl/20242025/WPG/8482149.png,91,C,35,57,92,166,35
8476460,Mark,Scheifele,52,WPG,https://assets.nhle.com/mugs/nhl/20242025/WPG/8476460.png,55,C,310,434,744,823,66
8480014,Gabriel,Vilardi,52,WPG,https://assets.nhle.com/mugs/nhl/20242025/WPG/8480014.png,13,C,72,59,131,225,7
8479639,Dylan,Coghlan,52,WPG,https://assets.nhle.com/mugs/nhl/20242025/WPG/8479639.png,52,D,6,16,22,107,-12
8476331,Dylan,DeMelo,52,WPG,https://assets.nhle.com/mugs/nhl/20242025/WPG/8476331.png,2,D,17,130,147,580,86
8477938,Haydn,Fleury,52,WPG,https://assets.nhle.com/mugs/nhl/20242025/WPG/8477938.png,24,D,10,30,40,283,-22
8481572,Ville,Heinola,52,WPG,https://assets.nhle.com/mugs/nhl/20242025/WPG/8481572.png,14,D,1,10,11,38,-6
8476525,Colin,Miller,52,WPG,https://assets.nhle.com/mugs/nhl/20242025/WPG/8476525.png,6,D,41,132,173,536,2
8477504,Josh,Morrissey,52,WPG,https://assets.nhle.com/mugs/nhl/20242025/WPG/8477504.png,44,D,68,266,334,608,63
8480145,Neal,Pionk,52,WPG,https://assets.nhle.com/mugs/nhl/20242025/WPG/8480145.png,4,D,38,201,239,493,8
8480049,Dylan,Samberg,52,WPG,https://assets.nhle.com/mugs/nhl/20242025/WPG/8480049.png,54,D,6,31,37,177,41
8479378,Logan,Stanley,52,WPG,https://assets.nhle.com/mugs/nhl/20242025/WPG/8479378.png,64,D,5,20,25,153,23
8477480,Eric,Comrie,52,WPG,https://assets.nhle.com/mugs/nhl/20242025/WPG/8477480.png,1,G,0,2,0,63,0
8476945,Connor,Hellebuyck,52,WPG,https://assets.nhle.com/mugs/nhl/20242025/WPG/8476945.png,37,G,0,9,0,525,0
8477964,Ivan,Barbashev,54,VGK,https://assets.nhle.com/mugs/nhl/20242025/VGK/8477964.png,49,C,116,151,267,541,42
8481604,Pavel,Dorofeyev,54,VGK,https://assets.nhle.com/mugs/nhl/20242025/VGK/8481604.png,16,L,32,18,50,93,6
8478403,Jack,Eichel,54,VGK,https://assets.nhle.com/mugs/nhl/20242025/VGK/8478403.png,9,C,219,331,550,565,-25
8476881,Tomas,Hertl,54,VGK,https://assets.nhle.com/mugs/nhl/20242025/VGK/8476881.png,48,C,228,278,506,744,-82
8482125,Alexander,Holtz,54,VGK,https://assets.nhle.com/mugs/nhl/20242025/VGK/8482125.png,26,R,20,22,42,136,-27
8479353,Brett,Howden,54,VGK,https://assets.nhle.com/mugs/nhl/20242025/VGK/8479353.png,21,C,49,63,112,377,-29
8476448,William,Karlsson,54,VGK,https://assets.nhle.com/mugs/nhl/20242025/VGK/8476448.png,71,C,174,254,428,702,120
8478434,Keegan,Kolesar,54,VGK,https://assets.nhle.com/mugs/nhl/20242025/VGK/8478434.png,55,R,32,51,83,301,-9
8478109,Victor,Olofsson,54,VGK,https://assets.nhle.com/mugs/nhl/20242025/VGK/8478109.png,95,R,93,92,185,320,-64
8476871,Tanner,Pearson,54,VGK,https://assets.nhle.com/mugs/nhl/20242025/VGK/8476871.png,70,L,143,152,295,670,2
8478462,Nicolas,Roy,54,VGK,https://assets.nhle.com/mugs/nhl/20242025/VGK/8478462.png,10,C,58,89,147,324,35
8481655,Cole,Schwindt,54,VGK,https://assets.nhle.com/mugs/nhl/20242025/VGK/8481655.png,22,R,0,6,6,30,0
8475913,Mark,Stone,54,VGK,https://assets.nhle.com/mugs/nhl/20242025/VGK/8475913.png,61,R,218,370,588,653,128
8479980,Nicolas,Hague,54,VGK,https://assets.nhle.com/mugs/nhl/20242025/VGK/8479980.png,14,D,16,57,73,311,19
8478396,Noah,Hanifin,54,VGK,https://assets.nhle.com/mugs/nhl/20242025/VGK/8478396.png,15,D,65,233,298,704,-7
8477018,Ben,Hutton,54,VGK,https://assets.nhle.com/mugs/nhl/20242025/VGK/8477018.png,17,D,24,98,122,514,-63
8481527,Kaedan,Korczak,54,VGK,https://assets.nhle.com/mugs/nhl/20242025/VGK/8481527.png,6,D,1,13,14,52,14
8475188,Brayden,McNabb,54,VGK,https://assets.nhle.com/mugs/nhl/20242025/VGK/8475188.png,3,D,29,133,162,766,132
8474565,Alex,Pietrangelo,54,VGK,https://assets.nhle.com/mugs/nhl/20242025/VGK/8474565.png,7,D,146,473,619,1039,117
8477447,Shea,Theodore,54,VGK,https://assets.nhle.com/mugs/nhl/20242025/VGK/8477447.png,27,D,72,252,324,522,66
8480727,Zach,Whitecloud,54,VGK,https://assets.nhle.com/mugs/nhl/20242025/VGK/8480727.png,2,D,18,42,60,268,48
8478499,Adin,Hill,54,VGK,https://assets.nhle.com/mugs/nhl/20242025/VGK/8478499.png,33,G,0,4,0,153,0
8478492,Ilya,Samsonov,54,VGK,https://assets.nhle.com/mugs/nhl/20242025/VGK/8478492.png,35,G,0,4,0,180,0
8482665,Matty,Beniers,55,SEA,https://assets.nhle.com/mugs/nhl/20242025/SEA/8482665.png,10,C,46,70,116,193,11
8477416,Oliver,Bjorkstrand,55,SEA,https://assets.nhle.com/mugs/nhl/20242025/SEA/8477416.png,22,R,157,196,353,570,-38
8477444,Andre,Burakovsky,55,SEA,https://assets.nhle.com/mugs/nhl/20242025/SEA/8477444.png,95,L,144,215,359,642,30
8474586,Jordan,Eberle,55,SEA,https://assets.nhle.com/mugs/nhl/20242025/SEA/8474586.png,7,R,305,408,713,1035,-57
8476826,Yanni,Gourde,55,SEA,https://assets.nhle.com/mugs/nhl/20242025/SEA/8476826.png,37,C,130,198,328,571,44
8481789,Tye,Kartye,55,SEA,https://assets.nhle.com/mugs/nhl/20242025/SEA/8481789.png,12,L,13,11,24,102,-4
8477955,Jared,McCann,55,SEA,https://assets.nhle.com/mugs/nhl/20242025/SEA/8477955.png,19,L,172,188,360,612,15
8475768,Jaden,Schwartz,55,SEA,https://assets.nhle.com/mugs/nhl/20242025/SEA/8475768.png,17,C,202,292,494,756,29
8478466,Daniel,Sprong,55,SEA,https://assets.nhle.com/mugs/nhl/20242025/SEA/8478466.png,91,R,87,76,163,359,-6
8478477,Mitchell,Stephens,55,SEA,https://assets.nhle.com/mugs/nhl/20242025/SEA/8478477.png,67,C,5,11,16,97,-20
8476905,Chandler,Stephenson,55,SEA,https://assets.nhle.com/mugs/nhl/20242025/SEA/8476905.png,9,C,91,195,286,520,42
8479293,Brandon,Tanev,55,SEA,https://assets.nhle.com/mugs/nhl/20242025/SEA/8479293.png,13,L,80,89,169,499,48
8480009,Eeli,Tolvanen,55,SEA,https://assets.nhle.com/mugs/nhl/20242025/SEA/8480009.png,20,R,64,64,128,290,-22
8482751,Ryan,Winterton,55,SEA,https://assets.nhle.com/mugs/nhl/20242025/SEA/8482751.png,26,C,0,1,1,13,-4
8483524,Shane,Wright,55,SEA,https://assets.nhle.com/mugs/nhl/20242025/SEA/8483524.png,51,C,9,5,14,39,5
8478840,Will,Borgen,55,SEA,https://assets.nhle.com/mugs/nhl/20242025/SEA/8478840.png,3,D,9,46,55,240,-14
8478407,Vince,Dunn,55,SEA,https://assets.nhle.com/mugs/nhl/20242025/SEA/8478407.png,29,D,65,186,251,486,39
8482858,Ryker,Evans,55,SEA,https://assets.nhle.com/mugs/nhl/20242025/SEA/8482858.png,41,D,4,21,25,61,-6
8476457,Adam,Larsson,55,SEA,https://assets.nhle.com/mugs/nhl/20242025/SEA/8476457.png,6,D,46,170,216,874,31
8479372,Joshua,Mahura,55,SEA,https://assets.nhle.com/mugs/nhl/20242025/SEA/8479372.png,28,D,10,36,46,211,-2
8477986,Brandon,Montour,55,SEA,https://assets.nhle.com/mugs/nhl/20242025/SEA/8477986.png,62,D,73,196,269,545,47
8476467,Jamie,Oleksiak,55,SEA,https://assets.nhle.com/mugs/nhl/20242025/SEA/8476467.png,24,D,38,96,134,624,-5
8478916,Joey,Daccord,55,SEA,https://assets.nhle.com/mugs/nhl/20242025/SEA/8478916.png,35,G,0,0,0,87,0
8475831,Philipp,Grubauer,55,SEA,https://assets.nhle.com/mugs/nhl/20242025/SEA/8475831.png,31,G,0,6,0,352,0
8475760,Nick,Bjugstad,59,UTA,https://assets.nhle.com/mugs/nhl/20242025/UTA/8475760.png,17,C,153,166,319,711,-13
8479619,Michael,Carcone,59,UTA,https://assets.nhle.com/mugs/nhl/20242025/UTA/8479619.png,53,L,28,13,41,119,-6
8483431,Logan,Cooley,59,UTA,https://assets.nhle.com/mugs/nhl/20242025/UTA/8483431.png,92,C,26,38,64,107,-6
8478474,Lawson,Crouse,59,UTA,https://assets.nhle.com/mugs/nhl/20242025/UTA/8478474.png,67,L,107,95,202,529,-51
8482699,Dylan,Guenther,59,UTA,https://assets.nhle.com/mugs/nhl/20242025/UTA/8482699.png,11,R,34,37,71,103,0
8480849,Barrett,Hayton,59,UTA,https://assets.nhle.com/mugs/nhl/20242025/UTA/8480849.png,27,C,40,55,95,234,-21
8479343,Clayton,Keller,59,UTA,https://assets.nhle.com/mugs/nhl/20242025/UTA/8479343.png,9,C,173,267,440,545,-62
8477021,Alexander,Kerfoot,59,UTA,https://assets.nhle.com/mugs/nhl/20242025/UTA/8477021.png,15,C,92,181,273,549,-3
8481711,Matias,Maccelli,59,UTA,https://assets.nhle.com/mugs/nhl/20242025/UTA/8481711.png,63,L,32,90,122,194,-15
8480855,Jack,McBain,59,UTA,https://assets.nhle.com/mugs/nhl/20242025/UTA/8480855.png,22,C,30,36,66,184,1
8477070,Liam,O'Brien,59,UTA,https://assets.nhle.com/mugs/nhl/20242025/UTA/8477070.png,38,C,11,22,33,202,0
8477951,Nick,Schmaltz,59,UTA,https://assets.nhle.com/mugs/nhl/20242025/UTA/8477951.png,8,C,125,255,380,531,-14
8478831,Kevin,Stenlund,59,UTA,https://assets.nhle.com/mugs/nhl/20242025/UTA/8478831.png,82,C,29,19,48,231,-17
8474145,Robert,Bortuzzo,59,UTA,https://assets.nhle.com/mugs/nhl/20242025/UTA/8474145.png,41,D,20,55,75,572,36
8474013,Ian,Cole,59,UTA,https://assets.nhle.com/mugs/nhl/20242025/UTA/8474013.png,28,D,35,165,200,851,154
8480434,Sean,Durzi,59,UTA,https://assets.nhle.com/mugs/nhl/20242025/UTA/8480434.png,50,D,21,87,108,216,-20
8480891,Michael,Kesselring,59,UTA,https://assets.nhle.com/mugs/nhl/20242025/UTA/8480891.png,7,D,8,28,36,99,19
8481609,Vladislav,Kolyachonok,59,UTA,https://assets.nhle.com/mugs/nhl/20242025/UTA/8481609.png,52,D,3,8,11,52,-1
8483472,Maveric,Lamoureux,59,UTA,https://assets.nhle.com/mugs/nhl/20242025/UTA/8483472.png,10,D,1,2,3,15,3
8476874,Olli,Maatta,59,UTA,https://assets.nhle.com/mugs/nhl/20242025/UTA/8476874.png,2,D,40,139,179,706,80
8479410,Mikhail,Sergachev,59,UTA,https://assets.nhle.com/mugs/nhl/20242025/UTA/8479410.png,98,D,54,219,273,500,49
8483763,Maksymilian,Szuber,59,UTA,https://assets.nhle.com/mugs/nhl/20242025/UTA/8483763.png,55,D,0,0,0,1,-1
8479976,Juuso,Valimaki,59,UTA,https://assets.nhle.com/mugs/nhl/20242025/UTA/8479976.png,4,D,9,59,68,247,-4
8478971,Connor,Ingram,59,UTA,https://assets.nhle.com/mugs/nhl/20242025/UTA/8478971.png,39,G,0,3,0,93,0
8483530,Jaxson,Stauber,59,UTA,https://assets.nhle.com/mugs/nhl/20242025/UTA/8483530.png,33,G,0,0,0,7,0
8478872,Karel,Vejmelka,59,UTA,https://assets.nhle.com/mugs/nhl/20242025/UTA/8478872.png,70,G,0,2,0,153,0
